Switch Name,Type,Top Housing Material,Bottom Housing Material,Stem Material,Mount Type,Spring,Act. Weight,Bot.-Out Weight,Pre-Travel Dist.,Total Travel Dist.
1upkeyboards Soft Panda,Linear,,,,Plate (3-pin),Stainless Steel Spring,,67g,,
43Studio Jing,Linear,Nylon,Nylon,P3,PCB (5-pin),16.5 mm Stainless Steel Spring,52g,62g,,3.70 mm
43Studio Obsidian Long,Linear,PC,Nylon,P3,PCB (5-pin),Stainless Stel Spring,55g,62g,,
43Studio Obsidian Pro,Linear,,Nylon,POM,PCB (5-pin),14 mm Stainless Steel Spring,50g,62g,,
43Studio Obsidian Pro V2,Linear,,Nylon,POM,PCB (5-pin),16.5 mm Stainless Steel Spring,50g,62g,,
43Studio OPBlack,Linear,,Nylon,POM,PCB (5-pin),Stainless Steel Spring,55g,65g,,
43Studio Popu,Linear,,Nylon,POM,PCB (5-pin),Stainless Steel Spring,55g,65g,,
43Studio RARA V2,Tactile,Nylon,Nylon,POM,PCB (5-pin),Stainless Steel Spring,,63.5g,,
43Studio Toy Brick,Linear,PC,Nylon,POM,PCB (5-pin),Stainless Steel Spring,,63.5g,,
80Retros Dustproof GAME 1989,Linear,PC,Nylon,POM,PCB (5-pin),22 mm Stainless Steel Spring,45g,50g,1.50 mm,3.20 mm
80Retros FJ400,Linear,PC,P2,T2,PCB (5-pin),22 mm Stainless Steel Spring,50g,58g,2.00 mm,3.80 mm
80Retros GAME 1989,Linear,PC,Nylon,POM,PCB (5-pin),22 mm Stainless Steel Spring,45g,50g,1.50 mm,3.20 mm
80Retros KD200,Linear,Nylon,P2,LY,PCB (5-pin),Stainless Steel Spring,45g,50g,2.00 mm,3.50 mm
415Keys Sunset,Linear,Nylon,Nylon,Nylon,PCB (5-pin),Stainless Steel Spring,,63.5g,,
AEBoards All Clack,Tactile,PC,Nylon,UPE,PCB (5-pin),Two-Stage Spring,,62g,,
AEBoards Blaeck,Linear,Nylon,Nylon,POM,PCB (5-pin),Stainless Steel Spring,,63.5g,,
AEBoards Naevy R1.5,Tactile,PC,Nylon,MPE,Plate (3-pin),Stainless Steel Spring,,58g,,
AEBoards Naevy R2,Tactile,Nylon,Nylon,POM,PCB (5-pin),Two-Stage Stainless Steel Spring,,63.5g,,
AEBoards Raed,Linear,PC,Nylon,MPE,PCB (5-pin),Stainless Steel Spring,,58g,,
AEBoards Raed R2,Linear,PC,Nylon,MPE,PCB (5-pin),Stainless Steel Spring,,58g,,
AEBoards Snag,Linear,PC,Nylon,MPE,PCB (5-pin),Two-Stage Stainless Steel Spring,,62g,,
Aflion Blue Sky,Linear,PC,Nylon,POM,PCB (5-pin),15 mm Stainless Steel Spring,50g,60g,2.00 mm,4.00 mm
Aflion Blush,Linear,PC,Nylon,POM,PCB (5-pin),Two-Stage Stainless Steel Spring,,58g,,3.30 mm
Aflion Carrot,Tactile,PC,Nylon,POM,PCB (5-pin),20 mm Two-Stage Stainless Steel Spring,43g,53g,2.00 mm,4.00 mm
Aflion Cloudy Shadow,Linear,PC,Nylon,POM,PCB (5-pin),20 mm Two-Stage Stainless Steel Spring,,63.5g,2.00 mm,3.50 mm
Aflion Foggy Shadow,Tactile,PC,Nylon,POM,PCB (5-pin),20 mm Two-Stage Stainless Steel Spring,,63.5g,2.00 mm,3.50 mm
Aflion Haze,Linear,PC,Nylon,POM,PCB (5-pin),20 mm Extension Stainless Steel Spring,50g,57g,,4.00 mm
Aflion Iceberg,Linear,PC,Nylon,POM,PCB (5-pin),20 mm Two-Stage Stainless Steel Spring,37g,43g,2.00 mm,4.00 mm
Aflion Lavender,Tactile,PC,Nylon,POM,PCB (5-pin),Two-Stage Stainless Steel Spring,55g,,,3.30 mm
Aflion Melody,Tactile,PC,Nylon,POM,PCB (5-pin),Two-Stage Stainless Steel Spring,,60g,,3.50 mm
Aflion Panda,Tactile,PC,Nylon,POM,PCB (5-pin),15 mm Single-Stage Spring,55g,65g,2.00 mm,4.00 mm
Aflion Runner,Tactile,Nylon,Nylon,POM,PCB (5-pin),Two-Stage Stainless Steel Spring,,70g,,3.50 mm
Aflion Shadow (Ink) Double Spring,Tactile,PC,PC,POM,PCB (5-pin),20 mm Two-Stage Stainless Steel Spring,55g,63g,2.00 mm,4.00 mm
Aflion Shadow (Ink) Single Spring,Tactile,PC,PC,POM,PCB (5-pin),20 mm Single-Stage Stainless Steel Spring,48g,55g,2.00 mm,4.00 mm
Aflion Thunder Shadow,Tactile,PC,Nylon,POM,PCB (5-pin),20 mm Two-Stage Stainless Steel Spring,,63.5g,2.00 mm,3.50 mm
Aflion Windy Shadow,Linear,PC,Nylon,POM,PCB (5-pin),19.3 mm Two-Stage Stainless Steel Spring,,55g,2.00 mm,3.50 mm
AIGUOX Bright Moon,Linear,PC,PC,PC,PCB (5-pin),19.1 mm Single-Stage Stainless Steel Spring,37g,42g,2.00 mm,3.40 mm
AIGUOX Clear,Tactile,PC,PC,PC,PCB (5-pin),Stainless Steel Spring,45g,60g,2.00 mm,4.00 mm
AIGUOX Yellow,,,,,,Stainless Steel Spring,35g,,,
Ainy Matcha Green,Linear,Nylon,Nylon,POM,Plate (3-pin),15 mm Single-Stage Stainless Spring,40g,,1.80 mm,4.00 mm
Ajazz AS 001 Red,Linear,PC,Nylon,POM,Plate (3-pin),22 mm Extension Spring,42g,50g,2.00 mm,3.50 mm
Ajazz AS 101 Yellow,Linear,PC,Nylon,POM,Plate (3-pin),22 mm Extension Spring,42g,60g,2.00 mm,3.00 mm
Ajazz AS Coral Pink,Linear,PC,PC,POM,Plate (3-pin),Stainless Steel Spring,37g,45g,2.00 mm,4.00 mm
Ajazz AS Foggy Mountain Green,Linear,PC,PC,POM,Plate (3-pin),Stainless Steel Spring,45g,55g,2.00 mm,4.00 mm
Ajazz AS Red Spirit,Linear,PC,PC,POM,Plate (3-pin),Stainless Steel Spring,37g,45g,2.00 mm,4.00 mm
Ajazz AS Sky Blue,Tactile,PC,PC,POM,Plate (3-pin),Stainless Steel Spring,50g,65g,2.00 mm,4.00 mm
Ajazz AS Sunrise Yellow,Linear,PC,PC,POM,Plate (3-pin),Stainless Steel Spring,45g,55g,1.20 mm,3.50 mm
Ajazz Black,Linear,PC,Nylon,POM,Plate (3-pin),Stainless Steel Spring,,60g,,4.00 mm
Ajazz Brown,Tactile,PC,Nylon,POM,Plate (3-pin),Stainless Steel Spring,50g,60g,2.00 mm,4.00 mm
Ajazz Cream Red,,,,,,Stainless Steel Spring,35g,,,
Ajazz Cream White,,,,,,Stainless Steel Spring,35g,,,
Ajazz Diced Fruit Banana,Tactile,PC,Nylon,POM,Plate (3-pin),21.5 mm Two-Stage Stainless Steel Spring,40g,50g,1.90 mm,3.30 mm
Ajazz Diced Fruit Blueberry,Linear,PC,Nylon,POM,Plate (3-pin),15.5 mm Single-Stage Stainless Steel Spring,35g,48g,2.00 mm,3.80 mm
Ajazz Diced Fruit Cherry,Linear,PC,Nylon,POM,Plate (3-pin),Stainless Steel Spring,50g,60g,2.00 mm,3.50 mm
Ajazz Diced Fruit Kiwi,Tactile,PC,PC,POM,Plate (3-pin),21 mm Single-Stage Extension Spring,50g,60g,1.90 mm,3.30 mm
Ajazz Diced Fruit Lychee,Linear,PC,PC,POM,Plate (3-pin),Stainless Steel Spring,40g,50g,2.00 mm,3.50 mm
Ajazz Diced Fruit Peach,Linear,PC,PC,POM,Plate (3-pin),20 mm Single-Stage Stainless Steel Spring,40g,50g,2.00 mm,4.00 mm
Ajazz Douyu Barrage,Tactile,Nylon,Nylon,POM,Plate (3-pin),Stainless Steel Spring,50g,65g,2.00 mm,4.00 mm
Ajazz Douyu Orange,Tactile,PC,Nylon,POM,Plate (3-pin),Stainless Steel Spring,40g,50g,2.00 mm,3.30 mm
Ajazz Douyu Shark,Linear,Nylon,Nylon,POM,Plate (3-pin),Stainless Steel Spring,45g,55g,2.00 mm,4.00 mm
Ajazz Douyu White,Linear,PC,Nylon,POM,Plate (3-pin),Stainless Steel Spring,50g,65g,2.00 mm,4.00 mm
Ajazz Flying Fish,Linear,Nylon,Nylon,POM,Plate (3-pin),Stainless Steel Spring,42g,48g,2.00 mm,3.60 mm
Ajazz Gift,Linear,Nylon,Nylon,POM,Plate (3-pin),Stainless Steel Spring,45g,60g,2.00 mm,3.60 mm
Ajazz Green Grapefruit,Tactile,PC,PC,POM,PCB (5-pin),Two-Stage Stainless Steel Spring,47g,55g,2.00 mm,
Ajazz Green Plum,Linear,Nylon,Nylon,POM,Plate (3-pin),Stainless Steel Spring,37g,40g,2.00 mm,3.50 mm
Ajazz Moon,Linear,Nylon,Nylon,POM,Plate (3-pin),Stainless Steel Spring,37g,40g,2.00 mm,3.50 mm
Ajazz Red,Linear,PC,Nylon,POM,Plate (3-pin),Stainless Steel Spring,45g,60g,2.00 mm,4.00 mm
Ajazz Sea Salt,Linear,Nylon,Nylon,POM,Plate (3-pin),Stainless Steel Spring,40g,45g,2.00 mm,3.50 mm
Ajazz Violet,Clicky,PC,Nylon,POM,Plate (3-pin),Stainless Steel Spring,,65g,,4.00 mm
Akko Blue V1,Clicky,PC,Nylon,POM,Plate (3-pin),Stainless Steel Spring,50g,60g,2.00 mm,4.00 mm
Akko Blue V2,Clicky,PC,Nylon,POM,Plate (3-pin),14mm Conventional Spring,50g,60g,1.90 mm,4.00 mm
Akko Botany,,,,,,,,,,
Akko Cream Black Pro V3,Linear,PC,Nylon,POM,PCB (5-pin),20 mm Spring,55g,65g,2.00 mm,3.30 mm
Akko Cream Blue Pro V3,Tactile,PC,Nylon,POM,PCB (5-pin),20 mm Spring,45g,55g,2.20 mm,3.30 mm
Akko Cream Blue V3,Tactile,PC,Nylon,POM,Plate (3-pin),18 mm Extension Spring,38g,53g,2.00 mm,3.50 mm
Akko Cream Yellow Hall Effect,Hall Effect,,,,,Stainless Steel Spring,,50g,,4.00 mm
Akko Cream Yellow Pro V3,Linear,PC,Nylon,POM,PCB (5-pin),20 mm Spring,50g,60g,2.00 mm,3.30 mm
Akko Cream Yellow V3,Linear,PC,Nylon,POM,Plate (3-pin),18 mm Extension Spring,50g,58g,1.90 mm,3.50 mm
Akko Creamy Purple Pro V3,Tactile,PC,Nylon,Nylon,PCB (5-pin),20 mm Spring,30g,50g,2.00 mm,3.00 mm
Akko Crystal Pro V3,Linear,PC,PC,PC,Plate (3-pin),18 mm Spring,48g,60g,2.00 mm,3.80 mm
Akko CS Air,Linear,PC,PC,POM,Plate (3-pin),22 mm Extension Spring,50g,56g,1.90 mm,4.00 mm
Akko CS Crystal,Linear,PC,PC,PC,Plate (3-pin),18 mm Extension Spring,43g,50g,1.60 mm,4.00 mm
Akko CS Crystal Blue,Linear,PC,PC,PC,Plate (3-pin),22mm Extension Spring,40g,50g,1.60 mm,4.00 mm
Akko CS Crystal Silver,Linear,PC,PC,PC,Plate (3-pin),22 mm Two-Stage Spring,43g,48g,1.00 mm,3.00 mm
Akko CS Crystal Wine Red,Linear,PC,PC,PC,Plate (3-pin),23 mm Extension Spring,45g,48g,1.60 mm,3.60 mm
Akko CS Jelly Black,Linear,PC,PC,POM,Plate (3-pin),22 mm Extension Spring,50g,60g,1.90 mm,4.00 mm
Akko CS Jelly Black,Linear,PC,PC,POM,Plate (3-pin),22 mm Extension Spring,50g,60g,1.90 mm,4.00 mm
Akko CS Jelly Blue,Tactile,PC,PC,POM,Plate (3-pin),22 mm Two-Stage Spring,40g,60g,2.00 mm,4.00 mm
Akko CS Jelly Pink,Linear,PC,PC,POM,Plate (3-pin),22 mm Extension Spring,45g,55g,1.90 mm,4.00 mm
Akko CS Jelly Purple,Tactile,PC,PC,POM,Plate (3-pin),22 mm Extension Spring,40g,56g,2.00 mm,4.00 mm
Akko CS Jelly White,Linear,PC,PC,POM,Plate (3-pin),22 mm Extension Spring,35g,45g,1.90 mm,4.00 mm
Akko CS Lavender Purple,Tactile,PC,Nylon,POM,Plate (3-pin),18 mm Extension Spring,36g,50g,1.90 mm,3.50 mm
Akko CS Matcha Green,Linear,PC,Nylon,POM,Plate (3-pin),16 mm Progressive Spring,50g,63g,1.90 mm,4.00 mm
Akko CS Ocean Blue,Tactile,PC,Nylon,POM,Plate (3-pin),16 mm Progressive Spring,36g,41g,1.90 mm,4.00 mm
Akko CS Piano,Linear,PC,Nylon,POM,PCB (5-pin),Stainless Steel Spring,48g,53g,1.90 mm,3.50 mm
Akko CS Radiant Red,Linear,PC,Nylon,POM,Plate (3-pin),18 mm Extension Spring,53g,62g,1.90 mm,3.50 mm
Akko CS Rose Red,Linear,PC,Nylon,POM,Plate (3-pin),16 mm Progressive Spring,43g,55g,1.90 mm,3.50 mm
Akko CS Rose Red,Linear,PC,Nylon,POM,Plate (3-pin),16 mm Progressive Spring,43g,48g,1.90 mm,3.50 mm
Akko CS Sakura,Linear,PC,Nylon,POM,Plate (3-pin),22 mm Extension Spring,39g,48g,1.90 mm,4.00 mm
Akko CS Silver,Linear,PC,Nylon,POM,Plate (3-pin),22mm Extension Spring,43g,50g,1.00 mm,3.00 mm
Akko CS Silver,Linear,PC,Nylon,POM,PCB (5-pin),22 mm Extension Spring,45g,48g,1.00 mm,3.00 mm
Akko CS Snow Blue Grey,Linear,PC,Nylon,POM,PCB (5-pin),18 mm Extension Spring,43g,50g,1.90 mm,4.00 mm
Akko CS Sponge,Tactile,PC,Nylon,POM,Plate (3-pin),22 mm Two-Stage Spring,40g,60g,,
Akko CS Starfish,Linear,PC,Nylon,POM,Plate (3-pin),22 mm Two-Stage Spring,50g,60g,1.90 mm,4.00 mm
Akko CS Vintage White,Linear,PC,Nylon,POM,Plate (3-pin),22 mm Extension Spring,35g,45g,1.90 mm,4.00 mm
Akko CS Wine Red,Linear,PC,Nylon,POM,Plate (3-pin),16 mm Progressive Spring,43g,53g,1.90 mm,4.00 mm
Akko CS Wine White,Tactile,PC,Nylon,POM,Plate (3-pin),18mm Extension Spring,36g,55g,2.00 mm,4.00 mm
Akko Demon,Linear,,,,Plate (3-pin),Stainless Steel Spring,50g,63.5g,2.00 mm,4.00 mm
Akko Fairy Silent,Linear,Nylon,Nylon,POM,PCB (5-pin),17 mm Stainless Steel Spring,50g,60g,2.00 mm,3.30 mm
Akko Haze Pink Silent,Linear,PC,PC,POM,Plate (3-pin),Stainless Steel Spring,43g,58g,2.00 mm,4.00 mm
Akko Ice Cream Pink,Linear,POM,POM,POM,PCB (5-pin),Stainless Steel Spring,40g,45g,1.70 mm,4.00 mm
Akko Ice Cream Purple,Linear,POM,POM,POM,PCB (5-pin),Stainless Steel Spring,50g,55g,1.70 mm,4.00 mm
Akko Lavender Purple Pro V3,Tactile,PC,Nylon,POM,PCB (5-pin),20 mm Spring,45g,55g,1.90 mm,3.80 mm
Akko Matcha Green Pro V3,Linear,PC,Nylon,POM,Plate (3-pin),18 mm Spring,55g,63g,2.00 mm,3.80 mm
Akko Orange V1,Tactile,PC,Nylon,POM,Plate (3-pin),Stainless Steel Spring,45g,,2.00 mm,4.00 mm
Akko Orange V2,Tactile,PC,Nylon,POM,Plate (3-pin),14mm Conventional Spring,40g,55g,1.90 mm,4.00 mm
Akko Penguin Silent,Tactile,Nylon,Nylon,POM,PCB (5-pin),Stainless Steel Spring,43g,60g,2.00 mm,3.30 mm
Akko Piano Pro V3,Linear,Nylon,Nylon,POM,PCB (5-pin),20 mm Spring,45g,55g,1.90 mm,3.50 mm
Akko Pink V1,Linear,PC,Nylon,POM,Plate (3-pin),Stainless Steel Spring,35g,45g,2.00 mm,4.00 mm
Akko Pink V2,Linear,PC,Nylon,POM,Plate (3-pin),14 mm Conventional Spring,45g,55g,2.00 mm,4.00 mm
Akko POM Brown,Tactile,POM,POM,POM,Plate (3-pin),18 mm Extension Spring,40g,50g,1.90 mm,4.00 mm
Akko POM Pink,Linear,POM,POM,POM,Plate (3-pin),22 mm Extension Spring,45g,53g,1.90 mm,4.00 mm
Akko POM Silver,Linear,POM,POM,POM,Plate (3-pin),22 mm Two-Stage Spring,43g,50g,1.00 mm,3.00 mm
Akko Princess,Linear,PC,Nylon,POM,Plate (3-pin),Stainless Steel Spring,,53.5g,2.00 mm,4.00 mm
Akko Purple V1,Linear,PC,Nylon,POM,Plate (3-pin),Stainless Steel Spring,45g,,2.00 mm,4.00 mm
Akko Rosewood,Linear,Nylon,Nylon,Nylon,PCB (5-pin),22 mm Stainless Steel Spring,40g,50g,2.00 mm,4.00 mm
Akko Sakura Pink Hall Effect,Hall Effect,,,,,Stainless Steel Spring,,50g,,4.00 mm
Akko Silver Pro V3,Linear,PC,Nylon,POM,PCB (5-pin),13.8 mm Spring,40g,45g,1.00 mm,3.30 mm
AlphaKeys Blue Dusk Panda,Linear,PC,PC,POM,PCB (5-pin),Stainless Steel Spring,,61g,,
AlphaKeys Ethereal Panda,Tactile,Nylon,Nylon,POM,PCB (5-pin),Stainless Steel Spring,,68g,,
AlphaKeys Orange Dusk Panda,Linear,PC,PC,POM,PCB (5-pin),Stainless Steel Spring,,67g,,
AlphaKeys POM Glacier Panda,Linear,POM,POM,POM,PCB (5-pin),Two-Stage Stainless Steel Spring,,67g,,
AngryMiao Cyberswitch,Tactile,,,,PCB (5-pin),Stainless Steel Spring,,65g,,3.50 mm
AngryMiao Icy Silver,Linear,,,,PCB (5-pin),Stainless Steel Spring,45g,,,3.40 mm
AngryMiao Icy Silver Pro,Linear,PC,PC,Y3,PCB (5-pin),Stainless Steel Spring,37g,45g,2.00 mm,3.50 mm
AngryMiao Icy Silver Pro V2,Linear,Nylon,Nylon,Y3,PCB (5-pin),Stainless Steel Spring,37g,45g,2.00 mm,3.70 mm
Aregs Caramel Chocolate,Linear,POK,Nylon,H7,PCB (5-pin),Stainless Steel Spring,,53g,1.20 mm,3.80 mm
Aregs Purple Switch,Tactile,POM,POM,POM,PCB (5-pin),Stainless Steel Spring,,63.5g,2.00 mm,4.00 mm
Ashkeebs Alexandrite,Linear,HPE,Nylon,UPE,PCB (5-pin),Stainless Steel Spring,,58g,,
Ashkeebs Amethyst,Tactile,PC,PC,POM,PCB (5-pin),Stainless Steel Spring,,63g,,
Ashkeebs Auralite,Linear,PME,PME,POM,PCB (5-pin),Stainless Steel Spring,,63g,,
Asus ROG NX Blue,Clicky,,,,Plate (3-pin),Stainless Steel Spring,40g,65g,2.30 mm,4.00 mm
Asus ROG NX Brown,Tactile,,,,Plate (3-pin),Stainless Steel Spring,40g,58g,2.00 mm,4.00 mm
Asus ROG NX Red,Linear,,,,Plate (3-pin),Stainless Steel Spring,45g,55g,1.80 mm,4.00 mm
Asus ROG NX Snow,Linear,,,,Plate (3-pin),Stainless Steel Spring,45g,53g,1.80 mm,3.60 mm
Asus ROG NX Storm,Clicky,,,,Plate (3-pin),Stainless Steel Spring,50g,65g,1.80 mm,3.60 mm
Asus ROG RX Blue,Clicky,,,,,,45g,65g,1.50 mm,4.00 mm
Asus ROG RX Red,Linear,,,,,,45g,55g,1.50 mm,4.00 mm
Attack Shark Jelly Blue,Tactile,PC,Nylon,POM,Plate (3-pin),Stainless Steel Spring,50g,60g,2.00 mm,4.00 mm
Attack Shark Jelly Green,Tactile,PC,Nylon,POM,Plate (3-pin),Stainless Steel Spring,50g,65g,2.00 mm,4.00 mm
Attack Shark Milky White,Linear,PC,Nylon,POM,PCB (5-pin),18 mm Stainless Steel Spring,42g,50g,1.80 mm,3.80 mm
Attack Shark Vibrant Yellow,Linear,PC,Nylon,POM,PCB (5-pin),18 mm Stainless Steel Spring,32g,48g,1.80 mm,3.80 mm
Aula Gold Powder,Linear,,,,Plate (3-pin),Stainless Steel Spring,45g,,,
Aula Matcha,Tactile,,,,Plate (3-pin),Stainless Steel Spring,45g,,,
Aula Wooden Blue,Clicky,,,,Plate (3-pin),Stainless Steel Spring,,,,
B.Stone Alluring Eyes,Linear,PC,Nylon,LY,PCB (5-pin),Stainless Steel Spring,,63.5g,,3.50 mm
B.Stone Dark Eyes,Tactile,PC,Nylon,LY,PCB (5-pin),Stainless Steel Spring,,70g,,3.50 mm
Badseed Tactile,Tactile,Nylon,Nylon,POM,PCB (5-pin),,,63.5g,,
Bald Brother Strawberry Ice Cream V3,Linear,,,,PCB (5-pin),Stainless Steel Spring,53g,58g,,
Balhae Blue,Tactile,PC,PC,POM,PCB (5-pin),Stainless Steel Spring,47g,,,3.30 mm
Ball Bearing “Lucy”,Linear,PC,,,PCB (5-pin),Stainless Steel Spring,45g,60g,2.00 mm,3.50 mm
Ball Bearing Blue,Linear,PC,,,PCB (5-pin),Stainless Steel Spring,45g,60g,2.00 mm,3.50 mm
Ball Bearing Clear Pink,Linear,PC,,,PCB (5-pin),Stainless Steel Spring,45g,60g,2.00 mm,3.50 mm
Ball Bearing Grey,Linear,PC,,,PCB (5-pin),Stainless Steel Spring,45g,60g,2.00 mm,3.50 mm
Ball Bearing Pink,Linear,PC,,,PCB (5-pin),Stainless Steel Spring,45g,60g,2.00 mm,3.50 mm
Batknight Black,Linear,PC,Nylon,POM,Plate (3-pin),Stainless Steel Spring,,,,
Batknight Blue,Clicky,PC,Nylon,POM,Plate (3-pin),Stainless Steel Spring,,,,
Batknight Cloud,Linear,PC,Nylon,POM,PCB (5-pin),Stainless Steel Spring,40g,48g,1.20 mm,3.40 mm
Batknight Cloud V2,Linear,POM,POM,LY,PCB (5-pin),Stainless Steel Spring,40g,48g,1.20 mm,3.40 mm
Batknight Green,Clicky,PC,Nylon,POM,Plate (3-pin),Stainless Steel Spring,,,,
Batknight Navy,Linear,PC,Nylon,POM,PCB (5-pin),Stainless Steel Spring,40g,48g,2.00 mm,3.70 mm
Batknight Navy V2,Linear,POM,POM,POM,PCB (5-pin),Stainless Steel Spring,40g,50g,2.00 mm,3.30 mm
Batknight Obedience,Tactile,POM,POM,POM,PCB (5-pin),Stainless Steel Spring,45g,55g,2.50 mm,3.40 mm
Batknight Obedience V2,Tactile,POM,POM,POM,PCB (5-pin),Stainless Steel Spring,58g,60g,2.00 mm,3.30 mm
Batknight Red,Linear,PC,Nylon,POM,Plate (3-pin),Stainless Steel Spring,,,,
BBN Linear,Linear,Nylon,PC,POM,PCB (5-pin),Stainless Steel Spring,,63.5g,,
BBN Tactile,Tactile,Nylon,PC,POM,PCB (5-pin),Stainless Steel Spring,,63.5g,,
bespoke.keys EV-00,Linear,Nylon,Nylon,POM,PCB (5-pin),Progressive Stainless Steel Spring,,68g,,
bespoke.keys EV-01,Linear,PC,Nylon,POM,PCB (5-pin),Gold-Plated Spring,,63.5g,,
bespoke.keys EV-02,Linear,PC,Nylon,POM,PCB (5-pin),Gold-Plated Spring,,63.5g,,
Bloody Lightstrike Optical,Clicky,,,,,Stainless Steel Spring,,,,
Bolsa Supply Banshee,Linear,PC,Nylon,LY,PCB (5-pin),18 mm Two-Stage Stainless Steel Spring,,63.5g,,3.60 mm
Bolsa Supply Corsa,Linear,Nylon,Nylon,POM,PCB (5-pin),Stainless Steel Spring,,60g,,3.50 mm
Bolsa Supply Laguna Blue,Linear,POM,POM,LY,PCB (5-pin),20 mm Two-Stage Stainless Steel Spring,,50g,2.00 mm,3.20 mm
Bolsa Supply Namazu,Linear,Nylon,Nylon,POM,PCB (5-pin),Stainless Steel Spring,,65g,,3.50 mm
Bolsa Supply Spring,Linear,POM,POM,LY,PCB (5-pin),21 mm Stainless Steel Spring,,45g,,3.60 mm
Bolsa Supply Techno Violet,Linear,Nylon,Nylon,POM,PCB (5-pin),Two-Stage Stainless Steel Spring,,58g,,3.50 mm
Bolsa Supply Zaku,Linear,PC,Nylon,POM,PCB (5-pin),Stainless Steel Spring,,63.5g,,
Bolsa Supply Zaku II,Linear,PC,Nylon,POM,PCB (5-pin),Stainless Steel Spring,,63.5g,,3.50 mm
Bombonera POM Pink,Linear,POM,POM,POM,PCB (5-pin),Stainless Steel Spring,48g,58g,,3.70 mm
BSUN Agarwood,Linear,PC,Nylon,LY,PCB (5-pin),Stainless Steel Spring,50g,58g,2.00 mm,4.00 mm
BSUN Akashi,Linear,POM,Nylon,UPE,PCB (5-pin),22 mm Single-Stage Spring,37g,43g,2.00 mm,3.70 mm
BSUN Aniya R2,Linear,POM,POM,LY,PCB (5-pin),20 mm Single-Stage Extension Spring,42g,50g,2.00 mm,3.20 mm
BSUN Aurora Polaris,Linear,Nylon,Nylon,,PCB (5-pin),Stainless Steel Spring,34g,,1.00 mm,3.20 mm
BSUN Avocado Panda V2,Tactile,PC,Nylon,POM,Plate (3-pin),Stainless Steel Spring,45g,65g,2.20 mm,3.40 mm
BSUN Banana,Tactile,PC,Nylon,POM,PCB (5-pin),Stainless Steel Spring,35g,56g,2.20 mm,4.00 mm
BSUN Banana,Linear,PC,Nylon,POM,PCB (5-pin),Stainless Steel Spring,36g,58g,2.10 mm,3.90 mm
BSUN Beary,Linear,PC,PC,PC,PCB (5-pin),22 mm Single-Stage Stainless Steel Spring,45g,50g,2.00 mm,3.00 mm
BSUN Begonia,Linear,POM,POM,POM,Plate (3-pin),Stainless Steel Spring,40g,50g,2.00 mm,4.00 mm
BSUN Bitao,Linear,PC,PC,POM,PCB (5-pin),Stainless Steel Spring,53g,,1.80 mm,3.20 mm
BSUN Black,Linear,PC,Nylon,POM,Plate (3-pin),Stainless Steel Spring,35g,50g,2.10 mm,4.00 mm
BSUN Black Lychee,Linear,PC,,POM,PCB (5-pin),Stainless Steel Spring,,68g,2.00 mm,4.00 mm
BSUN Blue,Clicky,PC,Nylon,POM,Plate (3-pin),Stainless Steel Spring,38g,65g,2.10 mm,4.00 mm
BSUN Brown,Tactile,PC,Nylon,POM,Plate (3-pin),Stainless Steel Spring,38g,65g,2.20 mm,4.00 mm
BSUN Bubble,Linear,LY,Nylon,Y3,PCB (5-pin),21 mm Single-Stage,45g,52g,2.00 mm,3.60 mm
BSUN Bubble V2,Linear,POM,POM,LY,PCB (5-pin),20 mm Single-Stage,,50g,2.00 mm,3.60 mm
BSUN Bumblebee,Linear,POM,Nylon,POM,PCB (5-pin),21 mm Single-Stage Spring,45g,50g,2.00 mm,3.60 mm
BSUN Bumblebee,Tactile,PC,Nylon,POM,PCB (5-pin),21 mm Single-Stage Spring,48g,68g,2.20 mm,3.30 mm
BSUN Bunny,Linear,PC,Nylon,LY,PCB (5-pin),22 mm Single-Stage Extension Spring,37g,42g,2.00 mm,3.60 mm
BSUN Cinnamon Pink,Linear,POM,POM,LY,PCB (5-pin),22 mm Single-Stage Nickel-Plated Spring,37g,42g,,3.45 mm
BSUN Clear Panda,Linear,Nylon,Nylon,POM,PCB (5-pin),Stainless Steel Spring,50g,60g,,
BSUN Cliff,Tactile,PC,Nylon,LY,PCB (5-pin),Stainless Steel Spring,37g,45g,2.30 mm,3.60 mm
BSUN Crystal Purple,Tactile,PC,PC,PC,PCB (5-pin),14 mm Stainless Steel Spring,38g,65g,2.00 mm,3.30 mm
BSUN Dragonfruit,Tactile,PC,Nylon,POM,Plate (3-pin),Stainless Steel Spring,45g,65g,2.00 mm,3.40 mm
BSUN Dustproof Blue Condenser,Clicky,PC,Nylon,POM,Plate (3-pin),Stainless Steel Spring,,,,
BSUN Dustproof Brown,Tactile,PC,Nylon,POM,Plate (3-pin),Stainless Steel Spring,45g,50g,1.80 mm,3.60 mm
BSUN Dustproof Brown,Tactile,PC,Nylon,POM,Plate (3-pin),Stainless Steel Spring,45g,50g,1.80 mm,3.60 mm
BSUN Dustproof Red,Linear,PC,Nylon,POM,Plate (3-pin),Stainless Steel Spring,45g,50g,1.80 mm,3.60 mm
BSUN Flower Shadow,Linear,LY,LY,LY,PCB (5-pin),Two-Stage Stainless Steel Spring,37g,50g,2.00 mm,3.10 mm
BSUN Fox,Linear,PC,POM,LY,PCB (5-pin),22 mm Single-Stage Stainless Steel Spring,,42g,2.00 mm,3.40 mm
BSUN Guyu,Linear,POM,POM,UPE,PCB (5-pin),21 mm Single-Stage Spring,45g,50g,,3.60 mm
BSUN Hepburn - 40g,Linear,PC,Nylon,POM,PCB (5-pin),20 mm Single-Stage Spring,32g,40g,2.00 mm,3.80 mm
BSUN Hepburn - 52g,Linear,PC,Nylon,POM,PCB (5-pin),20 mm Single-Stage Spring,43g,52g,2.00 mm,3.80 mm
BSUN Hillstone,Tactile,Nylon,POM,POM,PCB (5-pin),16 mm Stainless Steel Spring,,56g,,3.20 mm
BSUN Holy Panda V2,Tactile,POM,POM,POM,PCB (5-pin),Stainless Steel Spring,,60g,2.00 mm,4.00 mm
BSUN Hutt,Tactile,PC,Nylon,POK,PCB (5-pin),20.5 mm Single-Stage Palladium-Coated Spring,40g,49g,2.00 mm,3.50 mm
BSUN Ice Cream Soda,Linear,Nylon,Nylon,,PCB (5-pin),Stainless Steel Spring,34g,,1.00 mm,3.20 mm
BSUN Iced Capp,Linear,PC,Nylon,POM,PCB (5-pin),Stainless Steel Spring,45g,58g,2.00 mm,3.30 mm
BSUN Jade Rosales,Linear,PC,Proprietary Milky Blend,Y3,PCB (5-pin),20.5 mm Single-Stage Palladium-Coated Spring,45g,53g,2.00 mm,3.50 mm
BSUN Kiki Red,Linear,POM,POM,LY,PCB (5-pin),20.4 mm Single-Stage Nickel-Plated Spring,42g,50g,,3.60 mm
BSUN Lily of the Valley,Linear,,,POM,PCB (5-pin),Stainless Steel Spring,,,,
BSUN Luminous,Linear,,,,PCB (5-pin),Stainless Steel Spring,,,,3.40 mm
BSUN Lychee,Linear,PC,PC,POM,Plate (3-pin),15 mm Spring,45g,55g,2.10 mm,3.60 mm
BSUN Milktea Siam V2,Linear,POM,POM,LY,PCB (5-pin),20 mm Two-Stage Extension Spring,37g,45g,2.00 mm,3.90 mm
BSUN Mint Panda,Linear,Nylon,Nylon,POM,PCB (5-pin),Stainless Steel Spring,50g,60g,,
BSUN Olive,Tactile,POM,POM,POM,Plate (3-pin),Stainless Steel Spring,45g,65g,2.00 mm,3.40 mm
BSUN Panda,Linear,PC,PC,POM,Plate (3-pin),15 mm Spring,40g,65g,2.10 mm,3.60 mm
BSUN Panda V2,Tactile,PC,Nylon,POM,Plate (3-pin),15 mm Spring,45g,65g,2.20 mm,4.00 mm
BSUN Paradise Island,Linear,Nylon,POM,LY,PCB (5-pin),22 mm Two-Stage Extension Spring,43g,50g,2.00 mm,3.20 mm
BSUN Pine,Tactile,PC,Nylon,POM,Plate (3-pin),Stainless Steel Spring,45g,65g,2.00 mm,3.40 mm
BSUN Polar Panda V2,Linear,PC,Nylon,POM,Plate (3-pin),Stainless Steel Spring,45g,65g,2.20 mm,3.40 mm
BSUN POP,Linear,POM,POM,LY,PCB (5-pin),21 mm Spring,42g,50g,2.00 mm,3.20 mm
BSUN Purple Trash Panda,Linear,Nylon,Nylon,POM,PCB (5-pin),Stainless Steel Spring,,67g,,
BSUN Raccoon Panda V2,Tactile,,,POM,Plate (3-pin),Stainless Steel Spring,45g,65g,2.20 mm,3.40 mm
BSUN RAW,Tactile,PC,Nylon,PC,PCB (5-pin),21 mm Single-Stage Spring,,60g,2.00 mm,3.40 mm
BSUN RAW,Linear,PC,Nylon,UPE,PCB (5-pin),21 mm Single-Stage Spring,,60g,2.00 mm,3.40 mm
BSUN Red,Linear,PC,Nylon,POM,Plate (3-pin),Stainless Steel Spring,35g,50g,2.10 mm,4.00 mm
BSUN Red Bean Bingsu,Linear,POM,POM,POM,PCB (5-pin),Korean KOS Steel Spring,45g,67g,,
BSUN Red Lychee,Linear,PC,,POM,PCB (5-pin),Stainless Steel Spring,,68g,2.00 mm,4.00 mm
BSUN Red Panda V2,Linear,Nylon,Nylon,POM,PCB (5-pin),Stainless Steel Spring,40g,60g,2.10 mm,3.90 mm
BSUN Rise Dream,Linear,PC,Nylon,POM,PCB (5-pin),22 mm Two-Stage Spring,37g,42g,2.00 mm,3.60 mm
BSUN Sakura,Linear,POK,LY,LY,PCB (5-pin),22 mm Single-Stage Extension Spring,37g,42g,2.00 mm,3.60 mm
BSUN Seasalt Lemon,Tactile,PC,Nylon,POM,PCB (5-pin),Stainless Steel Spring,45g,60g,2.00 mm,3.00 mm
BSUN Silent,Linear,PC,PC,LY,PCB (5-pin),21 mm Stainless Steel Spring,,50g,,4.00 mm
BSUN Smokey Black,Tactile,PC,PC,POM,PCB (5-pin),15 mm Spring,40g,65g,2.20 mm,3.30 mm
BSUN Soda,Linear,LY,Nylon,Y3,PCB (5-pin),21 mm Stainless Steel Spring,38g,52g,2.00 mm,3.60 mm
BSUN Spring,Linear,POM,POM,LY,PCB (5-pin),Stainless Steel Spring,45g,52g,2.00 mm,3.40 mm
BSUN Taichi,Linear,PC,Nylon,POM,PCB (5-pin),21 mm Single-Stage Spring,40g,,2.00 mm,3.60 mm
BSUN Tomcat,Linear,PC,Nylon,LY,PCB (5-pin),Extension Spring,45g,54g,1.95 mm,3.60 mm
BSUN Tomcat (Heavy),Linear,PC,Nylon,LY,PCB (5-pin),Extension Spring,55g,64g,1.95 mm,3.60 mm
BSUN Trash Panda,Linear,Nylon,Nylon,POM,PCB (5-pin),Stainless Steel Spring,50g,60g,,
BSUN Tuzi (Bunny),Linear,PC,Nylon,UPE,PCB (5-pin),22 mm Single-Stage Spring,37g,43g,2.00 mm,3.60 mm
BSUN White Panda,Linear,Nylon,Nylon,POM,PCB (5-pin),Stainless Steel Spring,50g,60g,,
BSUN X,Linear,POK,POK,LY,PCB (5-pin),21 mm Single-Stage Extension Spring,45g,52g,1.60 mm,3.50 mm
BSUN Yellow Panda,Linear,,,,PCB (5-pin),Stainless Steel Spring,50g,60g,2.00 mm,4.00 mm
BSUN Yor,Linear,PC,POM,LY,PCB (5-pin),Stainless Steel Spring,53g,60g,2.00 mm,3.20 mm
C&K Black,Linear,Nylon,Nylon,POM,Plate (3-pin),Stainless Steel Spring,,,,
C³Equalz Banana Split,Linear,PC,PC,POM,PCB (5-pin),Stainless Steel Spring,41g,62g,,
C³Equalz Blackberry,Clicky,UHMWPE,UHMWPE,POM,PCB (5-pin),Stainless Steel Spring,,72g,,
C³Equalz Dragon Fruit,Tactile,UHMWPE,UHMWPE,POM,PCB (5-pin),Stainless Steel Spring,,63.5g,,
C³Equalz Fierce Girls,Linear,PC,Nylon,POM,PCB (5-pin),13 mm Single-Stage Gold-Plated Spring,,58.5g,2.00 mm,4.00 mm
C³Equalz Fruit Smoothie (Blueberry Milk Candy),Tactile,POK,POK,E1,PCB (5-pin),Stainless Steel Spring,55g,67g,2.00 mm,4.00 mm
C³Equalz Fruit Smoothie (Grapefruit Soft Sweet),Tactile,POK,POK,E1,PCB (5-pin),Stainless Steel Spring,35,45g,2.00 mm,4.00 mm
C³Equalz Kiwi,Tactile,UHMWPE,UHMWPE,T1,PCB (5-pin),Stainless Steel Spring,,67g,,
C³Equalz Tangerine - Dark,Linear,UHMWPE,UHMWPE,POM,PCB (5-pin),Stainless Steel Spring,,67g,,
C³Equalz Tangerine - Light,Linear,UHMWPE,UHMWPE,POM,PCB (5-pin),Stainless Steel Spring,,62g,,
Candy Blinding Lights,Tactile,PC,PC,POM,PCB (5-pin),Three-Stage Gold-Plated Spring,62g,,2.00 mm,4.00 mm
Candy Jade Green - 55g,Linear,PC,PC,POM,PCB (5-pin),Stainless Steel Spring,55g,,2.00 mm,
Candy Jade Green - 62g,Linear,PC,PC,POM,PCB (5-pin),Stainless Steel Spring,62g,,2.00 mm,
Candy Rainbow,Linear,,,,Plate (3-pin),,60g,75g,2.00 mm,4.00 mm
Candy Raindrop,Linear,PC,PC,PC,Plate (3-pin),Three-Stage Gold-Plated Spring,45g,60g,2.00 mm,4.00 mm
Candy Sakura Snow - 45g,Tactile,,,,PCB (5-pin),22 mm Spring,45g,62g,2.00 mm,4.00 mm
Candy Sakura Snow - 50g,Tactile,,,,PCB (5-pin),22 mm Extension Spring,50g,65g,2.00 mm,4.00 mm
CannonKeys Clipper Sea Serpent,Linear,Nylon,Nylon,Nylon,PCB (5-pin),Single-Stage Spring,,63.5g,,4.00 mm
CannonKeys Clipper Swordfish,Tactile,Nylon,Nylon,Nylon,PCB (5-pin),Single-Stage Spring,,63.5g,,
CannonKeys Dark Amber T1,Tactile,Nylon,Nylon,POM,PCB (5-pin),Gold-Plated Spring,,65g,2.00 m,4.00 mm
CannonKeys Lavender,Linear,Nylon,Nylon,POM,PCB (5-pin),Gold-Plated Spring,64g,,,
CannonKeys Lilac,Linear,PC,Nylon,POM,PCB (5-pin),Gold-Plated Spring,,62g,,
CannonKeys Pastel Azalea,Linear,POM,Nylon,POM,PCB (5-pin),22 mm Two-Stage Spring,,63.5g,,
CannonKeys Pastel Flan,Linear,PC,Nylon,POM,PCB (5-pin),18 mm Single-Stage Spring,,63.5g,,
CannonKeys Pastel Lemon,Linear,POM,POM,UPE,PCB (5-pin),22 mm Single-Stage Spring,,63.5g,,
CannonKeys Pastel Mint,Tactile,PC,POM,POM,PCB (5-pin),22 mm Two-Stage Spring,,63.5g,,
CannonKeys Pastel Peach,Linear,POM,Nylon,POM,PCB (5-pin),22 mm Single-Stage Spring,,63.5g,,
CannonKeys Pastel Sand,Linear,Nylon,Nylon,Nylon,PCB (5-pin),Single-Stage Spring,,65g,,
CannonKeys Pastel Sky,Linear,POM,Nylon,POM,PCB (5-pin),22 mm Single-Stage Spring,,63.5g,,
CannonKeys Pastel Thistle,Tactile,POM,POM,POM,PCB (5-pin),22 mm Two-Stage Spring,,63.5g,,
CBKBD Red Velvet,Linear,POM,POM,UPE,PCB (5-pin),Stainless Steel Spring,,57g,,3.80 mm
CBKBD Trash,Linear,Nylon,Nylon,POM,PCB (5-pin),Stainless Steel Spring,,53g,,3.60 mm
CC Peripherals Sakura,Linear,LY,Nylon,LY,Plate (3-pin),Stainless Steel Spring,40g,46g,1.80 mm,3.50 mm
Chaosera Klein,Linear,PC,Nylon,P3,PCB (5-pin),Stainless Steel Spring,48g,55g,2.00 mm,3.70 mm
Charue Design Ca Phe Sua Da,Linear,PC,PC,Nylon,PCB (5-pin),Stainless Steel Spring,,63.5g,2.00 mm,3.70 mm
Charue Design Popcorn,Linear,PME,PME,UHMWPE,PCB (5-pin),Two-Stage Stainless Steel Spring,,63.5g,,
Cherry MX Black,Linear,Nylon,Nylon,POM,PCB (5-pin),Stainless Steel Spring,60g,90g,2.00 mm,4.00 mm
Cherry MX Black Clear-Top,Linear,Nylon,Nylon,POM,PCB (5-pin),Stainless Steel Spring,63.5g,85g,2.00 mm,4.00 mm
Cherry MX Black Silent,Linear,Nylon,Nylon,POM,PCB (5-pin),Stainless Steel Spring,60g,90g,1.90 mm,3.70 mm
Cherry MX Blue,Clicky,Nylon,Nylon,POM,PCB (5-pin),Stainless Steel Spring,50g,60g,2.20 mm,4.00 mm
Cherry MX Brown,Tactile,Nylon,Nylon,POM,PCB (5-pin),Stainless Steel Spring,55g,60g,2.00 mm,4.00 mm
Cherry MX Clear,Tactile,Nylon,Nylon,POM,PCB (5-pin),Stainless Steel Spring,55g,95g,2.00 mm,4.00 mm
Cherry MX Dark Blue,Clicky,Nylon,Nylon,POM,Plate (3-pin),Stainless Steel Spring,50g,,,
Cherry MX Ergo Clear,Tactile,Nylon,Nylon,POM,PCB (5-pin),Stainless Steel Spring,40g,75g,2.00 mm,4.00 mm
Cherry MX Green,Clicky,Nylon,Nylon,POM,PCB (5-pin),Stainless Steel Spring,70g,80g,2.20 mm,4.00 mm
Cherry MX Grey,Linear,Nylon,Nylon,POM,PCB (5-pin),Stainless Steel Spring,80g,110g,2.20 mm,4.00 mm
Cherry MX Grey,Tactile,Nylon,Nylon,POM,PCB (5-pin),Stainless Steel Spring,80g,110g,2.20 mm,4.00 mm
Cherry MX Low Profile Red,Linear,,,,PCB (5-pin),Stainless Steel Spring,45g,100g,1.00 mm,3.20 mm
Cherry MX Low Profile Speed,Linear,,,,PCB (5-pin),Stainless Steel Spring,45g,100g,1.00 mm,3.20 mm
Cherry MX Nature White,Linear,Nylon,Nylon,POM,PCB (5-pin),Stainless Steel Spring,55g,65g,2.00 mm,4.00 mm
Cherry MX Olympia,Linear,Nylon,Nylon,POM,Plate (3-pin),Stainless Steel Spring,60g,,,
Cherry MX Orange,Linear,Nylon,Nylon,POM,PCB (5-pin),Stainless Steel Spring,55g,65g,2.00 mm,4.00 mm
Cherry MX Purple,Tactile,Nylon,Nylon,POM,PCB (5-pin),Stainless Steel Spring,45g,80g,2.00 mm,4.00 mm
Cherry MX Red,Linear,Nylon,Nylon,POM,PCB (5-pin),Stainless Steel Spring,45g,60g,2.00 mm,4.00 mm
Cherry MX Red Silent,Linear,Nylon,Nylon,POM,PCB (5-pin),Stainless Steel Spring,45g,70g,1.90 mm,3.70 mm
Cherry MX Speed Silver,Linear,Nylon,Nylon,POM,PCB (5-pin),Stainless Steel Spring,45g,70g,1.20 mm,3.40 mm
Cherry MX ULP,Tactile,,,,,,65g,200g,0.80 mm,1.80 mm
Cherry MX ULP,Clicky,,,,,,65g,200g,0.80 mm,1.80 mm
Cherry MX White,Clicky,Nylon,Nylon,POM,PCB (5-pin),Stainless Steel Spring,80g,,,
Cherry MX1A Black Hyperglide,Linear,Nylon,Nylon,POM,PCB (5-pin),Stainless Steel Spring,60g,80g,,4.00 mm
Cherry MX1A Blue Hyperglide,Clicky,Nylon,Nylon,POM,PCB (5-pin),Stainless Steel Spring,50g,60g,2.20 mm,4.00 mm
Cherry MX1A Brown Hyperglide,Tactile,Nylon,Nylon,POM,PCB (5-pin),Stainless Steel Spring,45g,60g,,4.00 mm
Cherry MX1A Clear Hyperglide,Tactile,Nylon,Nylon,POM,PCB (5-pin),Stainless Steel Spring,55g,95g,2.00 mm,4.00 mm
Cherry MX1A Green Hyperglide,Clicky,Nylon,Nylon,POM,PCB (5-pin),Stainless Steel Spring,70g,80g,2.20 mm,4.00 mm
Cherry MX1A Red Hyperglide,Linear,Nylon,Nylon,POM,PCB (5-pin),Stainless Steel Spring,45g,60g,2.00 mm,4.00 mm
Cherry MX1A Red Silent Hyperglide,Linear,Nylon,Nylon,POM,PCB (5-pin),Stainless Steel Spring,45g,70g,1.90 mm,3.70 mm
Cherry MX2A Black,Linear,Nylon,Nylon,POM,PCB (5-pin),Stainless Steel Spring,60g,90g,2.00 mm,4.00 mm
Cherry MX2A Blue,Clicky,Nylon,Nylon,POM,PCB (5-pin),Stainless Steel Spring,50g,60g,2.20 mm,4.00 mm
Cherry MX2A Brown,Tactile,Nylon,Nylon,POM,PCB (5-pin),Stainless Steel Spring,48g,55g,2.00 mm,4.00 mm
Cherry MX2A Red,Linear,Nylon,Nylon,POM,PCB (5-pin),Stainless Steel Spring,45g,65g,2.00 mm,4.00 mm
Cherry MX2A Red Silent,Linear,Nylon,Nylon,POM,PCB (5-pin),Stainless Steel Spring,45g,65g,1.90 mm,3.70 mm
Cherry MX2A Silver Silent,Linear,Nylon,Nylon,POM,PCB (5-pin),Stainless Steel Spring,45g,100g,1.20 mm,3.40 mm
Cherry MX2A Speed Silver,Linear,Nylon,Nylon,POM,PCB (5-pin),Stainless Steel Spring,45g,80g,1.20 mm,3.40 mm
Cherry Red Silent Clear-Top,Linear,Nylon,Nylon,POM,PCB (5-pin),18 mm Single-Stage Stainless Steel Spring,45g,50g,1.90 mm,3.70 mm
Cherry Viola,Linear,POM,POM,PC,,,40g,,,
Chilkey Pink Lotus,Linear,POM,POM,UPE,PCB (5-pin),18 mm Stainless Steel Spring,50g,60g,2.00 mm,3.50 mm
Chilkey Sprout Green,Tactile,POM,POM,UPE,PCB (5-pin),22 mm Stainless Steel Spring,37g,45g,2.00 mm,3.50 mm
Chosfox Artic Fox,Clicky,PC,PC,POM,PCB (5-pin),Stainless Steel Spring,52g,53g,1.70 mm,3.60 mm
Chosfox Box Speed Ultimate,Linear,PC,POM,POM,PCB (5-pin),20.5 mm Gold-Plated Spring,42g,55g,1.20 mm,3.80 mm
Chosfox DD Jingle,Linear,Nylon,POM,P3,PCB (5-pin),Stainless Steel Spring,45g,52g,2.00 mm,3.00 mm
Chosfox Hanami Dango - Green,Tactile,Nylon,Nylon,POM,PCB (5-pin),20 mm Gold-Plated Extension Spring,55g,67g,1.50 mm,4.00 mm
Chosfox Hanami Dango - Pink,Tactile,Nylon,Nylon,POM,PCB (5-pin),20 mm Gold-Plated Extension Spring,48g,60g,1.10 mm,4.00 mm
Chosfox Poison Gas,Tactile,PC,PC,POM,PCB (5-pin),Stainless Steel Spring,45g,63.5g,2.00 mm,3.50 mm
Chosfox Santa H,Linear,PC,PC,POM,PCB (5-pin),15.5 mm Gold-Plated Spring,38g,55g,2.00 mm,4.00 mm
Chosfox Santa T,Linear,PC,PC,POM,PCB (5-pin),18 mm Gold-Plated Spring,55g,70g,2.00 mm,4.00 mm
Chosfox Summer Lime Silent,Linear,POK,Nylon,POM,PCB (5-pin),Stainless Steel Spring,45g,58g,1.20 mm,3.60 mm
Chosfox Voyager,Tactile,PC,Nylon,POM,PCB (5-pin),Stainlss Steel Spring,45g,62.5g,2.00 mm,3.50 mm
Chosfox White Fox,Linear,Nylon,Nylon,POM,PCB (5-pin),Stainless Steel Spring,47g,55g,2.00 mm,3.80 mm
Chuangli Black,Linear,,,,Plate (3-pin),Stainless Steel Spring,60g,,,
Chuangli Red,Linear,,,,Plate (3-pin),Stainless Steel Spring,50g,,,
CIDOO Carda,Linear,POM,POM,UPE,PCB (5-pin),18 mm Two-Stage Stainless Steel Spring,50g,60g,2.00 mm,3.50 mm
CIDOO Matte,Linear,Nylon,Nylon,POM,PCB (5-pin),20 mm Stainless Steel Spring,47g,60g,,
CIDOO Mint,Linear,Nylon,Nylon,POM,PCB (5-pin),20 mm Stainless Steel Spring,43g,56g,1.80 mm,3.90 mm
CIDOO Silent Blue,Linear,Nylon,Nylon,POM,PCB (5-pin),15 mm Stainless Steel Spring,47g,55g,2.00 mm,3.80 mm
CIY Aqua,Linear,PC,PC,POM,Plate (3-pin),18 mm Two-Stage Stainless Spring,37g,47g,,3.50 mm
CIY Evolution Purple,Tactile,PC,Nylon,POK,Plate (3-pin),22 mm Stainless Steel Spring,42g,60g,2.00 mm,3.80 mm
CIY Evolution Red,Linear,PC,Nylon,POK,Plate (3-pin),15 mm Stainless Steel Spring,42g,55g,2.00 mm,4.00 mm
CIY Illusory Colour Sakura,Linear,PC,PC,POM,PCB (5-pin),Gold-Plated Spring,30g,45g,2.00 mm,4.00 mm
CIY Phantom,Linear,PC,Nylon,PC,PCB (5-pin),Stainless Steel Spring,45g,60g,2.00 mm,4.00 mm
CIY Primaris Asura,Tactile,PC,Nylon,POK,Plate (3-pin),Stainless Steel Spring,50g,,2.10 mm,3.30 mm
CIY Primaris Naraka,Linear,PC,Nylon,POK,Plate (3-pin),21 mm Stainless Steel Extension Spring,46g,,1.20 mm,3.30 mm
CIY Primaris Red Lotus,Linear,PC,Nylon,POK,Plate (3-pin),21 mm Stainless Steel Extension Spring,45g,,1.70 mm,3.30 mm
CIY Primaris Sakura,Linear,PC,Nylon,POK,Plate (3-pin),19 mm Stainless Steel Extension Spring,37g,,1.70 mm,3.30 mm
Clackbait Clackbits R2,Linear,POM,POM,POM,PCB (5-pin),Two-Stage Spring,,62.5g,2.00 mm,3.20 mm
Content Black,Linear,PC,Nylon,POM,Plate (3-pin),Stainless Steel Spring,50g,60g,2.00 mm,4.00 mm
Content Blue,Clicky,PC,Nylon,POM,Plate (3-pin),Stainless Steel Spring,50g,60g,1.90 mm,4.00 mm
Content Brown,Tactile,PC,Nylon,POM,Plate (3-pin),Stainless Steel Spring,45g,55g,1.90 mm,4.00 mm
Content Green,Clicky,PC,Nylon,POM,Plate (3-pin),Stainless Steel Spring,70g,,,
Content Red,Linear,PC,Nylon,POM,Plate (3-pin),Stainless Steel Spring,40g,50g,2.00 mm,4.00 mm
Content Silver,Linear,PC,Nylon,POM,Plate (3-pin),Stainless Steel Spring,49g,62g,1.90 mm,4.00 mm
CoolKiller Brilliant,Linear,,,,PCB (5-pin),Stainless Steel Spring,,65g,,
CoolKiller Cosmos 70g,Tactile,,,,PCB (5-pin),Stainless Steel Spring,,70g,,
CoolKiller Ice Blade,Linear,PC,PC,Nylon,PCB (5-pin),Stainless Steel Spring,30g,50g,2.00 mm,4.00 mm
CoolKiller Ice Blade,Tactile,PC,PC,Nylon,PCB (5-pin),Stainless Steel Spring,45g,60g,2.30 mm,3.00 mm
CoolKiller Ice Blade Silent,Linear,PC,PC,Nylon,PCB (5-pin),Stainless Steel Spring,30g,50g,2.00 mm,4.00 mm
CoolKiller Lilac,Linear,,,,PCB (5-pin),Stainless Steel Spring,35g,45g,2.00 mm,3.20 mm
CoolKiller Meow Meow,Linear,,,,PCB (5-pin),Stainless Steel Spring,,45g,,
Corsair MGX Magnetic,Linear,,,,,Stainless Steel Spring,30g,55g,0.40 mm,4.00 mm
Corsair MLX Reds,Linear,,,,PCB (5-pin),Stainless Steel Spring,45g,,1.90 mm,4.00 mm
Corsair OPX Optical,Linear,,,,,Stainless Steel Spring,45g,,1.00 mm,3.20 mm
Cosmox Crystal,Linear,PC,PC,PC,Plate (3-pin),Stainless Steel Spring,43g,,1.20 mm,3.20 mm
Cosmox Wind Engine,Linear,POM,POM,POM,Plate (3-pin),Stainless Steel Spring,40g,,1.20 mm,2.80 mm
CreateKeebs Peri,Tactile,PC,Nylon,LY,PCB (5-pin),Gold-Plated Spring,45g,65g,2.00 mm,3.50 mm
CreateKeebs SOTC,Linear,POM,POM,LY,PCB (5-pin),Gold-Plated Spring,48g,55g,2.00 mm,3.70 mm
Cub Studio Yolanda,Linear,PC,Nylon,POM,PCB (5-pin),22 mm KOS Stainless Steel Extension Spring,40g,58g,2.00 mm,3.50 mm
Cuke Eggplant,Linear,PC,Nylon,POM,PCB (5-pin),Stainless Steel Spring,50g,60g,2.00 mm,3.50 mm
Cuke Leek,Linear,PC,Nylon,POM,PCB (5-pin),Stainless Steel Spring,35g,50g,2.00 mm,3.50 mm
Curious Tinkerings Tamago,Linear,Nylon,POM,POM,PCB (5-pin),Stainless Steel Spring,,63g,,
Dai-Ichi Yellow,Clicky,Nylon,Nylon,POM,Plate (3-pin),Stainless Steel Spring,,,1.50 mm,4.00 mm
Dangkeebs Banana Milk,Linear,PME,PME,POM,PCB (5-pin),Gold-Plated Extension Spring,56g,68g,,3.20 mm
Dangkeebs Banana Milk,Tactile,PME,PME,POM,PCB (5-pin),Gold-Plated Extension Spring,56g,68g,,3.00 mm
Dangkeebs Creamery - Birthday Cake,Tactile,PC,Nylon,POM,PCB (5-pin),Gold-Plated Spring,,63.5g,,4.00 mm
Dangkeebs Creamery - Blue Velvet PME,Linear,PME,PME,POM,PCB (5-pin),Gold-Plated Spring,,68g,,4.00 mm
Dangkeebs Creamery - Blue Velvet PME,Tactile,PME,PME,POM,PCB (5-pin),Gold-Plated Spring,,68g,,4.00 mm
Dangkeebs Creamery - Blueberry Swirl,Linear,PC,Nylon,POM,PCB (5-pin),Gold-Plated Spring,,63.5g,,4.00 mm
Dangkeebs Creamery - Cookie Dough Silent,Linear,PC,Nylon,POM,PCB (5-pin),Gold-Plated Spring,,63.5g,,4.00 mm
Dangkeebs Creamery - Cookies n’ Cream,Tactile,PC,Nylon,POM,PCB (5-pin),Gold-Plated Spring,,63.5g,,4.00 mm
Dangkeebs Creamery - Red Velvet Silent,Tactile,PC,Nylon,POM,PCB (5-pin),Gold-Plated Spring,,63.5g,,4.00 mm
Dangkeebs Lychee Milk,Linear,Nylon,Nylon,UHMWPE,PCB (5-pin),23 mm Gold-Plated Extension Spring,,68g,,4.00 mm
Dangkeebs Lychee Milk,Tactile,Nylon,Nylon,UHMWPE,PCB (5-pin),23 mm Gold-Plated Extension Spring,,68g,,4.00 mm
Dangkeebs Melon Milk,Linear,HPE,HPE,POM,PCB (5-pin),22 mm Gold-Plated Extension Spring,,68g,,3.90 mm
Dangkeebs Melon Milk,Tactile,HPE,HPE,POM,PCB (5-pin),22 mm Gold-Plated Extension Spring,,68g,,3.90 mm
Dangkeebs Roastery - Iced Latte,Linear,PC,PC,POM,PCB (5-pin),Two-Stage Gold-Plated Spring,,55g,,3.50 mm
Dangkeebs Strawberry Milk,Linear,Nylon,Nylon,POM,PCB (5-pin),Gold-Plated Extension Spring,55g,67g,,3.50 mm
Dangkeebs Strawberry Milk,Tactile,Nylon,Nylon,POM,PCB (5-pin),Gold-Plated Extension Spring,55g,67g,,3.00 mm
Dangkeebs Strawberry Milk Ice,Tactile,Nylon,Nylon,POM,PCB (5-pin),Gold-Plated Extension Spring,55g,67g,,3.00 mm
Dangkeebs Strawberry Milk Ice,Linear,Nylon,Nylon,POM,PCB (5-pin),Gold-Plated Extension Spring,55g,67g,,3.50 mm
Dareu Aqua,Linear,PC,Nylon,POM,PCB (5-pin),Stainless Steel Spring,37g,,2.00 mm,4.00 mm
Dareu Candy Pink,Linear,PC,Nylon,POM,PCB (5-pin),Stainless Steel Spring,48g,62g,2.00 mm,3.70 mm
Dareu Dream,Linear,PC,Nylon,POM,PCB (5-pin),Stainless Steel Spring,40g,55g,2.00 mm,4.00 mm
Dareu Firefly,Tactile,PC,Nylon,POM,PCB (5-pin),Stainless Steel Spring,40g,,2.00 mm,4.00 mm
Dareu Holly,Tactile,PC,Nylon,POM,PCB (5-pin),Stainless Steel Spring,50g,,2.00 mm,4.00 mm
Dareu Mahjong,Linear,POK,Nylon,POM,PCB (5-pin),Gold-Plated Spring,45g,55g,2.00 mm,3.80 mm
Dareu Master,Linear,POM,POM,POM,PCB (5-pin),Stainless Steel Spring,45g,,2.00 mm,4.00 mm
Dareu Optical Black,Linear,,,,,Stainless Steel Spring,,,,3.70 mm
Dareu Optical Blue,Clicky,,,,,Stainless Steel Spring,,,,3.70 mm
Dareu Optical Brown,Tactile,,,,,Stainless Steel Spring,,,,3.70 mm
Dareu Optical Red,Linear,,,,,Stainless Steel Spring,,,,3.70 mm
Dareu Sky Blue V2,Linear,PC,Nylon,POM,Plate (3-pin),Stainless Steel Spring,40g,50g,2.00 mm,3.30 mm
Dareu Sky Blue V3,Linear,PC,Nylon,POM,PCB (5-pin),Gold-Plated Spring,40g,50g,2.00 mm,3.30 mm
Dareu Sky Blue V4,Linear,POK,Nylon,POM,PCB (5-pin),Gold-Plated Spring,45g,55g,2.00 mm,3.60 mm
Dareu Sky POM,Linear,POM,Nylon,POM,PCB (5-pin),Gold-Plated Spring,40g,,2.00 mm,3.80 mm
Dareu Snow,Linear,POK,Nylon,POM,PCB (5-pin),Stainless Steel Spring,50g,60g,1.30 mm,3.30 mm
Dareu Violet Gold Pro,Tactile,PC,Nylon,POM,PCB (5-pin),Gold-Plated Spring,45g,,2.10 mm,3.80 mm
Dareu Violet Gold V2,Tactile,PC,Nylon,POM,Plate (3-pin),Stainless Steel Spring,50g,60g,2.00 mm,3.30 mm
Dark Project G3MS Sapphire,Linear,PC,Nylon,POM,Plate (3-pin),Stainless Steel Spring,45g,55g,1.80 mm,4.00 mm
DesignerStudio Barista,Linear,Nylon,POM,P3,PCB (5-pin),Gold-Plated Spring,48g,55g,2.00 mm,4.00 mm
DesignerStudio Cloud Tea,Tactile,PC,Nylon,POM,PCB (5-pin),15 mm Gold-Plated Spring,45g,53g,2.00 mm,4.00 mm
DesignerStudio Graphite Gold,Linear,Nylon,Nylon,G1,PCB (5-pin),18 mm Gold-Plated Spring,,63.5g,,3.80 mm
DesignerStudio Midnight,Linear,Nylon,Nylon,LY,PCB (5-pin),18 mm Stainless Steel Spring,,63.5g,,
DesignerStudio Peach Bloom,Linear,Nylon,Nylon,G1,PCB (5-pin),18 mm Gold-Plated Spring,,63.5g,,
DesignerStudio Retro Lights,Linear,POM,UPE,G1,PCB (5-pin),18 mm Gold-Plated Spring,,63.5g,,
DesignerStudio White Jade,Tactile,PC,Nylon,POM,PCB (5-pin),Gold-Plated Spring,,67g,,
DinoKeys Mint,Linear,PC,PC,UHMWPE,PCB (5-pin),Stainless Steel Spring,,68g,,4.00 mm
Divinkey Oni,Linear,HPE,HPE,POM,PCB (5-pin),Stainless Steel Spring,43g,65g,1.80 mm,3.60 mm
Divinkey Saru,Tactile,PC,Nylon,POM,PCB (5-pin),Stainless Steel Spring,66g,67g,2.00 mm,3.00 mm
DNDKB JingWei,Linear,PC,Nylon,POM,PCB (5-pin),Stainless Steel Spring,37g,53g,2.00 mm,4.00 mm
Domikey Chocolate Donut,Linear,POM,POM,POM,PCB (5-pin),22 mm Two-Stage Stainless Steel Spring,40g,45g,,3.80 mm
Drinkey Black,Linear,PC,Nylon,POM,Plate (3-pin),Stainless Steel Spring,65g,,,4.00 mm
Drinkey Blue,Clicky,PC,Nylon,POM,Plate (3-pin),Stainless Steel Spring,50g,,,4.00 mm
Drinkey Brown,Tactile,PC,Nylon,POM,Plate (3-pin),Stainless Steel Spring,50g,,,4.00 mm
Drinkey Green,Clicky,PC,Nylon,POM,Plate (3-pin),Stainless Steel Spring,,,,
Drinkey Red,Linear,PC,Nylon,POM,Plate (3-pin),Stainless Steel Spring,45g,,,4.00 mm
Drop Halo Clear,Tactile,PC,Nylon,POM,Plate (3-pin),Stainless Steel Spring,52g,78g,1.90 mm,4.00 mm
Drop Halo True,Tactile,PC,Nylon,POM,Plate (3-pin),Stainless Steel Spring,54g,100g,1.90 mm,4.00 mm
Drop Holy Panda X,Tactile,PC,Nylon,POM,PCB (5-pin),Stainless Steel Spring,60g,,,3.50 mm
Drop Holy Panda X Clear,Tactile,PC,Nylon,POM,PCB (5-pin),Stainless Steel Spring,60g,,,3.50 mm
Duhuk Lumia Matcha V1,Linear,PC,Nylon,POM,PCB (5-pin),Stainless Steel Spring,62g,45g,,3.30 mm
Duhuk Lumia Matcha V2,Linear,PC,Nylon,POM,PCB (5-pin),13.5 mm Stainless Steel Spring,47g,55g,,3.30 mm
Duhuk Lumia Matcha V3 Pro - 55g,Linear,PC,Nylon,POM,PCB (5-pin),22 mm Stainless Steel Spring,,55g,2.20 mm,3.50 mm
Duhuk Lumia Matcha V3 Pro - 63.5g,Linear,PC,Nylon,POM,PCB (5-pin),22 mm Stainless Steel Spring,,63.5g,2.20 mm,3.50 mm
Duhuk Lumia Matcha V4 - 55g,Linear,LY,LY,Dupont TC308,PCB (5-pin),22 mm Single-Stage Extension Spring,45g,55g,2.00 mm,3.50 mm
Duhuk Lumia Matcha V4 - 63.5g,Linear,LY,LY,Dupont TC308,PCB (5-pin),22 mm Single-Stage Extension Spring,50g,63.5g,2.00 mm,3.50 mm
Duhuk Lumia Purple Bitter Tea - 58g,Tactile,PC,Nylon,POM,PCB (5-pin),22 mm Two-Stage Stainless Steel Spring,,58g,2.20 mm,3.60 mm
Duhuk Lumia Purple Bitter Tea - 63.5g,Tactile,PC,Nylon,POM,PCB (5-pin),22 mm Two-Stage Stainless Steel Spring,53g,63.5g,2.20 mm,3.60 mm
Dukharo MO Green,Tactile,PC,Nylon,POM,PCB (5-pin),Stainless Steel Spring,47g,60g,2.00 mm,3.80 mm
Dukharo MO Green V2,Tactile,PC,Nylon,POM,PCB (5-pin),Stainless Steel Spring,47g,60g,2.00 mm,3.80 mm
Dukharo MO Green V3,Tactile,PC,Nylon,POM,PCB (5-pin),Stainless Steel Spring,47g,65g,2.00 mm,3.80 mm
Dukharo MO Pink,Linear,PC,Nylon,POM,PCB (5-pin),Stainless Steel Spring,47g,60g,1.50 mm,3.80 mm
Dukharo MO Pink V2,Linear,PC,Nylon,POM,PCB (5-pin),Stainless Steel Spring,37g,45g,1.50 mm,3.80 mm
Dukharo MO Pink V3,Linear,PC,Nylon,POM,PCB (5-pin),Stainless Steel Spring,47g,60g,1.50 mm,3.80 mm
Dukharo MO Plane V2,Linear,PC,Nylon,POM,PCB (5-pin),Stainless Steel Spring,45g,67g,1.10 mm,3.80 mm
Durock Anubis,Tactile,Nylon,Nylon,POM,PCB (5-pin),Stainless Steel Spring,,60g,,
Durock Black Lotus,Linear,Modified PC & UPE Blend,Nylon,POM,PCB (5-pin),Gold-Plated Spring,55g,63.5g,2.00 mm,400 mm
Durock Blue Lotus,Tactile,Modified PC & UPE Blend,Nylon,POM,PCB (5-pin),Gold-Plated Long Spring,55g,65g,2.00 mm,3.70 mm
Durock Blue Macaw Silent,Tactile,PC,Nylon,POM,PCB (5-pin),Stainless Steel Spring,,65g,,
Durock Blush,Tactile,Nylon,Nylon,POM,PCB (5-pin),Two-Stage Spring,,63.5g,,
Durock Cerulean,Tactile,Nylon,Nylon,POM,PCB (5-pin),Gold-Plated Spring,,65g,,
Durock Cherry Blossom,Linear,POM,POM,P3,PCB (5-pin),Stainless Steel Spring,,65g,,3.90 mm
Durock Cobalt POM,Linear,POM,POM,P3,PCB (5-pin),Gold-Plated Spring,59g,63.5g,,
Durock Coral Silent,Linear,PC,Nylon,POM,PCB (5-pin),Stainless Steel Spring,,65g,,
Durock Daybreak Silent,Linear,PC,Nylon,POM,PCB (5-pin),Gold-Plated Spring,,67g,2.00 mm,3.80 mm
Durock Dolphin Silent,Linear,PC,Nylon,POM,PCB (5-pin),Gold-Plated Spring,,62g,2.00 mm,3.80 mm
Durock Ghost Silent,Linear,PC,Nylon,POM,PCB (5-pin),Stainless Steel Spring,,67g,,
Durock Ice King,Tactile,Nylon,Nylon,Nylon,PCB (5-pin),Gold-Plated Progressive Long Spring,58g,68g,2.00 mm,3.50 mm
Durock Ice King,Linear,Nylon,Nylon,Nylon,PCB (5-pin),Gold-Plated Progressive Long Spring,52g,62g,2.00 mm,3.50 mm
Durock Koala,Tactile,PC,Nylon,POM,PCB (5-pin),Gold-Plated Spring,,67g,2.00 mm,4.00 mm
Durock Korbs,Linear,Nylon,Nylon,POM,PCB (5-pin),Stainless Steel Spring,,62g,,
Durock L1 Creamy Yellow,Linear,PC,Nylon,POM,PCB (5-pin),Gold-Plated Spring,,55g,2.00 mm,4.00 mm
Durock L2 Creamy Green,Linear,PC,Nylon,POM,PCB (5-pin),Gold-Plated Spring,,62g,2.00 mm,4.00 mm
Durock L3 Creamy Pink,Linear,PC,Nylon,POM,PCB (5-pin),Gold-Plated Spring,,65g,2.00 mm,4.00 mm
Durock L4 Creamy Purple,Linear,PC,Nylon,POM,PCB (5-pin),Gold-Plated Spring,,67g,2.00 mm,4.00 mm
Durock L5 Teal,Linear,PC,Nylon,POM,PCB (5-pin),Gold-Plated Spring,,67g,2.00 mm,4.00 mm
Durock L7 Smokey - 62g,Linear,PC,Nylon,POM,PCB (5-pin),Gold-Plated Spring,42g,62g,2.00 mm,4.00 mm
Durock L7 Smokey - 67g,Linear,PC,Nylon,POM,PCB (5-pin),Gold-Plated Spring,45g,67g,2.00 mm,4.00 mm
Durock L7 Smokey - 78g,Linear,PC,Nylon,POM,PCB (5-pin),Gold-Plated Spring,52g,78g,2.00 mm,4.00 mm
Durock Lavender,Linear,Nylon,Nylon,POM,PCB (5-pin),Gold-Plated Spring,,60g,,
Durock Light,Tactile,PC,Nylon,POM,PCB (5-pin),Gold-Plated Spring,52g,67g,2.00 mm,4.00 mm
Durock Lilac,Linear,Nylon,Nylon,POM,PCB (5-pin),Stainless Steel Spring,,62g,,
Durock Lilac,Tactile,Nylon,Nylon,POM,PCB (5-pin),Stainless Steel Spring,,65g,,
Durock Lupine,Linear,PC,Nylon,POM,PCB (5-pin),Two-Stage Long Spring,,62g,2.00 mm,3.70 mm
Durock Mamba,Linear,Polymer Nylon & UHMWPE Blend,POM,LY,PCB (5-pin),Extension Spring,,60g,2.00 mm,3.50 mm
Durock Medium,Tactile,PC,Nylon,POM,PCB (5-pin),Gold-Plated Spring,,65g,2.00 mm,4.00 mm
Durock Piano,Linear,Proprietary POM Blend,Proprietary POM Blend,Mystery Material,PCB (5-pin),Gold-Plated Spring,,63.5g,2.00 mm,4.00 mm
Durock POM T1 (Sunflower),Tactile,POM,POM,Proprietary,PCB (5-pin),Gold-Plated Spring,,67g,2.00 mm,4.00 mm
Durock Sea Glass,Linear,Polymer Nylon & UHMWPE Blend,Polymer Nylon and UHMWPE Blend,P3+,PCB (5-pin),Gold-Plated Spring,45g,62g,2.00 mm,3.80 mm
Durock Shaka,Tactile,Nylon,Nylon,POM,PCB (5-pin),Two-Stage Spring,,63.5g,,
Durock Splash Brothers,Linear,PC,Nylon,POM,PCB (5-pin),13.45 mm Gold-Plated Spring,,48g,1.00 mm,4.00 mm
Durock T1,Tactile,PC,Nylon,POM,PCB (5-pin),Gold-Plated Spring,,67g,2.00 mm,4.00 mm
Durock T1 (Shrimp) Silent,Tactile,PC,Nylon,POM,PCB (5-pin),Gold-Plated Spring,,67g,2.00 mm,4.00 mm
Durock T1 Dark Amber,Tactile,Nylon,Nylon,POM,PCB (5-pin),Gold-Plated Spring,,65g,,
Durock White Lotus,Tactile,Modified PC & UPE Blend,Nylon,POM,PCB (5-pin),Gold-Plated Long Spring,46g,56g,2.00 mm,4.00 mm
E-Yooso Blue,Tactile,PC,Nylon,POM,Plate (3-pin),Stainless Steel Spring,45g,,,3.90 mm
E-Yooso Pink,Linear,PC,Nylon,POM,Plate (3-pin),Stainless Steel Spring,35g,,,3.90 mm
Emogogo Cream NO1,Linear,Nylon,Nylon,POM,PCB (5-pin),Gold-Plated Spring,,62g,,3.80 mm
Emogogo Hybrid Black,Linear,Nylon,H1,POM,PCB (5-pin),Stainless Steel Spring,,60g,,3.50 mm
Emogogo Linear,Linear,Nylon,Nylon,POM,PCB (5-pin),Stainless Steel Extension Spring,,62g,,
Emogogo Tactile,Tactile,Nylon,Nylon,POM,PCB (5-pin),Stainelss Steel Extension Spring,,62g,,
EMOTOYS Little Daisy Silent,Linear,PC,PC,Nylon,PCB (5-pin),15 mm Single-Stage Spring,45g,65g,2.00 mm,3.80 mm
Epic Gear Grey,Linear,Nylon,Nylon,POM,Plate (3-pin),Stainless Steel Spring,50g,,1.50 mm,4.00 mm
Epic Gear Violet,Clicky,,,,Plate (3-pin),Stainless Steel Spring,,,,
Epomaker Bluebird,Linear,PC,Nylon,POM,PCB (5-pin),22 mm Two-Stage Stainless Steel Spring,47g,60g,1.30 mm,3.80 mm
Epomaker Budgerigar,Linear,Nylon,Nylon,POM,PCB (5-pin),Two-Stage Stainless Steel Spring,47g,60g,2.00 mm,3.80 mm
Epomaker Comte Semi-Silent,Linear,Nylon,Nylon,POM,PCB (5-pin),Stainless Steel Spring,38g,55g,2.00 mm,3.70 mm
Epomaker Dawn Pink,Linear,PC,PC,POM,PCB (5-pin),21 mm Stainless Steel Spring,38g,43g,2.00 mm,3.60 mm
Epomaker Flamingo,Linear,PC,PC,POM,PCB (5-pin),Stainless Steel Spring,47g,60g,1.50 mm,3.80 mm
Epomaker Iceberg Brown,Tactile,PC,PC,POM,PCB (5-pin),Stainless Steel Spring,,55g,1.00 mm,3.80 mm
Epomaker Iceberg Red,Linear,PC,PC,POM,PCB (5-pin),Stainless Steel Spring,,40g,1.70 mm,3.80 mm
Epomaker Iceberg Rose,Tactile,PC,PC,POM,PCB (5-pin),Stainless Steel Spring,,65g,1.00 mm,3.80 mm
Epomaker Iceberg Silver,Linear,PC,PC,POM,PCB (5-pin),Stainless Steel Spring,,45g,1.30 mm,3.80 mm
Epomaker Iceberg White,,PC,PC,POM,PCB (5-pin),Stainless Steel Spring,,35g,1.20 mm,3.80 mm
Epomaker Iceberg Yellow,Linear,PC,PC,POM,PCB (5-pin),Stainless Steel Spring,,40g,1.30 mm,3.80 mm
Epomaker Jade Blossom - 35g,Linear,POM,POM,LY,PCB (5-pin),Two-Stage Stainless Steel Spring,35g,,2.00 mm,3.60 mm
Epomaker Jade Blossom - 43g,Linear,POM,POM,LY,PCB (5-pin),Two-Stage Stainless Steel Spring,43g,,2.00 mm,3.60 mm
Epomaker Jade Blossom - 53g,Linear,POM,POM,LY,PCB (5-pin),Two-Stage Stainless Steel Spring,53g,,2.00 mm,3.60 mm
Epomaker Nude Rosa Silent,Linear,PC,PC,UPE,PCB (5-pin),21 mm Stainless Steel Spring,40g,44g,2.00 mm,3.60 mm
Epomaker Peace Lily,Linear,POM,POM,PC,PCB (5-pin),20 mm Stainless Steel Spring,42g,47g,2.00 mm,3.60 mm
Epomaker Sea Salt,Linear,PC,Nylon,POM,PCB (5-pin),20 mm Stainless Steel Spring,53g,58g,2.20 mm,
Epomaker Shadow Black,Linear,PC,PC,POM,PCB (5-pin),Stainless Steel Spring,50g,60g,2.00 mm,4.00 mm
Epomaker Wisteria,Linear,PC,Nylon,POM,PCB (5-pin),20.4 mm Stainless Steel Spring,45g,,2.20 mm,3.60 mm
Epomaker Wisteria,Tactile,PC,Nylon,POM,PCB (5-pin),20.4 mm Stainless Steel Spring,46g,,2.00 mm,3.10 mm
Epomaker Wisteria V2,Linear,PC,Nylon,POM,PCB (5-pin),20.5 mm Stainless Steel Spring,38g,45g,2.00 mm,3.60 mm
Epomaker Zebra,Linear,PC,Nylon,POM,PCB (5-pin),21 mm Stainless Steel Spring,40g,45g,1.80 mm,3.80 mm
Everglide Amber Orange,Linear,PC,PC,POM,PCB (5-pin),Stainless Steel Spring,45g,58g,2.00 mm,4.00 mm
Everglide Aqua King (V3) - 37g,Linear,PC,PC,POM,PCB (5-pin),Gold-Plated Spring,,37g,2.00 mm,4.00 mm
Everglide Aqua King (V3) - 55g,Linear,PC,PC,POM,PCB (5-pin),Gold-Plated Spring,38g,55g,2.00 mm,4.00 mm
Everglide Aqua King (V3) - 62g,Linear,PC,PC,POM,PCB (5-pin),Gold-Plated Spring,45g,62g,2.00 mm,4.00 mm
Everglide Aqua King (V3) - 67g,Linear,PC,PC,POM,PCB (5-pin),Gold-Plated Spring,55g,67g,2.00 mm,4.00 mm
Everglide Bamboo Green,Tactile,PBT,PBT,POM,PCB (5-pin),Gold-Plated Spring,43g,62g,2.00 mm,4.00 mm
Everglide Beeswax V2,Linear,PC,PC,,PCB (5-pin),Gold-Plated Spring,55g,62g,,
Everglide Coral Red,Linear,PC,PC,POM,PCB (5-pin),Stainless Steel Spring,50g,67g,2.00 mm,4.00 mm
Everglide Crystal Violet,Tactile,ABS,ABS,POM,PCB (5-pin),Gold-Plated,45g,55g,2.00 mm,4.00 mm
Everglide Jade Green,Tactile,PC,PC,POM,PCB (5-pin),Stainless Steel Spring,45g,58g,2.00 mm,4.00 mm
Everglide Lightning Silver V3,Linear,PC,PC,POM,PCB (5-pin),Gold-Plated Lengthened Spring,48g,60g,1.50 mm,3.40 mm
Everglide Moyu Black (Dark Jade),Tactile,PBT,PBT,POM,PCB (5-pin),Gold-Plated Spring,50g,67g,2.00 mm,4.00 mm
Everglide Oreo,Tactile,Nylon,Nylon,POM,PCB (5-pin),Gold-Plated Spring,55g,62g,2.00 mm,4.00 mm
Everglide Peacock Blue,Linear,PBT,PBT,POM,PCB (5-pin),14 mm Gold-Plated Spring,55g,67g,2.00 mm,4.00 mm
Everglide Sakura Pink,Linear,PC,PC,POM,PCB (5-pin),Stainless Steel Spring,35g,45g,2.00 mm,4.00 mm
Everglide Sticky Rice,Hall Effect,PC,Nylon,POM,PCB (5-pin),Stainless Steel Spring,40g,50g,,3.50 mm
Everglide Sunset Yellow,Linear,POM,POM,LY,PCB (5-pin),20 mm Single-Stage Lengthened Spring,43g,51g,2.00 mm,3.20 mm
Everglide Tourmaline Blue,Linear,PC,PC,POM,PCB (5-pin),Gold-Plated Spring,59g,67g,2.00 mm,4.00 mm
EVIL Airy,Tactile,PC,Nylon,POM,Plate (3-pin),Stainless Steel Spring,45g,67g,,
EVIL Miami,Tactile,PC,Nylon,POM,Plate (3-pin),Stainless Steel Spring,45g,67g,,
FaDog Absolute Purple,Linear,Nylon,Nylon,POM,PCB (5-pin),Stainless Steel Spring,38g,45g,1.50 mm,3.50 mm
Fantasy Carrot,Tactile,PC,PC,POM,PCB (5-pin),Two-Stage Stainless Steel Spring,45g,,,4.00 mm
Fantasy Dva,Linear,PC,PC,POM,PCB (5-pin),Single-Stage Stainless Steel Spring,37g,,,3.80 mm
FBB F1,Linear,,,,PCB (5-pin),Stainless Steel Spring,43g,,,
FBB F2 Alaska,Linear,PC,PC,POM,PCB (5-pin),22 mm Two-Stage Stainless Steel Extension Spring,45g,53g,1.90 mm,3.50 mm
FBB F3 Kasuga Blue,Linear,,,,PCB (5-pin),Stainless Steel Spring,45g,,,
FBB F4 Black & Silver,Linear,Metal,Nylon,POM,PCB (5-pin),Stainless Steel Spring,46g,54g,1.80 mm,3.40 mm
FEI FEI R2,Linear,Nylon,Nylon,POM,PCB (5-pin),Gold-Plated Spring,55g,62g,,
Feker Airy,Linear,,,,Plate (3-pin),Stainless Steel Spring,58g,,2.00 mm,4.00 mm
Feker Aphonia,Linear,PC,Nylon,POM,PCB (5-pin),Stainless Steel Spring,35g,45g,2.00 mm,3.50 mm
Feker Blue White,Tactile,PC,,,Plate (3-pin),Stainless Steel Spring,50g,,2.00 mm,3.00 mm
Feker Corgi,Linear,PC,Nylon,POM,PCB (5-pin),22 mm Single-Stage Stainless Steel Spring,37g,45g,2.00 mm,3.80 mm
Feker Creamy Matcha,Tactile,PC,Nylon,POM,PCB (5-pin),22 mm Single-Stage Stainless Steel Spring,35g,55g,2.00 mm,3.60 mm
Feker Crescent White,Tactile,PC,Nylon,POM,Plate (3-pin),Two-Stage Stainless Steel Extension Spring,50g,60g,2.00 mm,3.30 mm
Feker Crystal,Linear,PC,PC,POM,Plate (3-pin),19 mm Gold-Plated Extension Spring,60g,75g,,
Feker Emerald,Tactile,,,,Plate (3-pin),Stainless Steel Spring,50g,,2.00 mm,3.30 mm
Feker Emerald Cabbage,Linear,PC,Nylon,POM,PCB (5-pin),20 mm Stainless Steel Spring,55g,62g,1.40 mm,3.50 mm
Feker Emerald Yellow,Linear,PC,Nylon,POM,PCB (5-pin),Stainless Steel Spring,35g,40g,2.00 mm,3.50 mm
Feker Holy Panda,Tactile,PC,Nylon,POM,Plate (3-pin),Stainless Steel Spring,58g,67g,2.00 mm,4.00 mm
Feker Holy Panda V3,Tactile,PC,Nylon,POM,Plate (3-pin),Stainless Steel Spring,50g,58g,2.00 mm,3.30 mm
Feker Lime,Linear,POM,POM,LY,PCB (5-pin),Stainless Steel Spring,38g,40g,2.00 mm,3.50 mm
Feker Magnolia,Linear,POM,POM,TPS,PCB (5-pin),20 mm Stainless Steel Spring,42g,44g,2.00 mm,3.60 mm
Feker Matcha,Linear,PC,Nylon,POM,PCB (5-pin),18 mm Two-Stage Stainless Steel Spring,55g,60g,2.00 mm,3.50 mm
Feker Miami,Tactile,,,,Plate (3-pin),Stainless Steel Spring,58g,,2.00 mm,4.00 mm
Feker Mint,Linear,PC,Nylon,POM,PCB (5-pin),Stainless Steel Spring,37g,42g,2.00 mm,3.20 mm
Feker Mute Rose Silent,Linear,PC,Nylon,POM,PCB (5-pin),Stainless Steel Spring,35g,42g,2.00 mm,3.60 mm
Feker Raspberry Panda,Tactile,PC,Nylon,POM,Plate (3-pin),Stainless Steel Spring,57g,60g,1.80 mm,3.60 mm
Feker Smokey,Linear,PC,Nylon,POM,Plate (3-pin),Two-Stage Extension Spring,60g,,2.00 mm,3.30 mm
Feker Smokey,Tactile,PC,Nylon,POM,Plate (3-pin),Two-Stage Extension Spring,55g,65g,,
Feker Vanilla Ice Cream Pro,Linear,POM,POM,POM,PCB (5-pin),22 mm Stainless Steel Spring,38g,,1.30 mm,3.50 mm
Feker White Marble,Linear,PC,Nylon,POM,PCB (5-pin),Stainless Steel Spring,30g,42g,2.00 mm,3.50 mm
FirstBlood Chocolate Blue,Clicky,PC,Nylon,POM,Plate (3-pin),Stainless Steel Spring,,,,
FirstBlood Chocolate Pink,Linear,PC,Nylon,POM,Plate (3-pin),Stainless Steel Spring,,,,
Flaming Skull Balrog,Linear,PC,Nylon,POM,PCB (5-pin),Stainless Steel Spring,42g,,1.20 mm,3.20 mm
Flaming Skull Burning Ice,Tactile,PC,Nylon,POM,PCB (5-pin),Stainless Steel Spring,48g,,2.00 mm,3.50 mm
Flaming Skull Purple Knight,Tactile,PC,Nylon,POM,PCB (5-pin),Stainless Steel Spring,45g,,1.70 mm,3.60 mm
Flaming Skull Succubus Silent,Linear,PC,Nylon,POM,PCB (5-pin),Stainless Steel Spring,42g,,1.20 mm,3.20 mm
Flaretech Optical,Clicky,,,,,Stainless Steel Spring,,,,4.00 mm
Flashquark Quark - 62g,Linear,PC,Nylon,POM,PCB (5-pin),Two-Stage Stainless Steel Extension Spring,,62g,,3.50 mm
Flashquark Quark - 68g,Linear,PC,Nylon,POM,PCB (5-pin),Two-Stage Stainless Steel Extension Spring,,68g,,3.50 mm
FLCMMK Bauhinia Orchids,Linear,PC,Nylon,POM,PCB (5-pin),Stainless Steel Spring,50g,60g,,4.00 mm
FLCMMK Box Rosa Pink,Linear,PC,PC,POM,PCB (5-pin),Stianless Steel Spring,40g,50g,1.80 mm,3.60 mm
FLCMMK Cercis,Linear,,,,Plate (3-pin),Stainless Steel Spring,50g,70g,2.20 mm,4.00 mm
FLCMMK Glacier Green,Clicky,PC,Nylon,POM,PCB (5-pin),Stainless Steel Spring,40g,55g,1.80 mm,4.00 mm
FLCMMK Glacier Pink,Linear,PC,Nylon,POM,PCB (5-pin),Stainless Steel Spring,45g,55g,2.00 mm,3.30 mm
FLCMMK Glacier Purple,Tactile,PC,Nylon,POM,PCB (5-pin),Stainless Steel Spring,40g,55g,2.00 mm,3.30 mm
FLCMMK Ice Mint,Linear,POM,POM,POK,PCB (5-pin),Stainless Steel Spring,40g,50g,2.00 mm,4.00 mm
FLCMMK Ice Mint V2,Linear,POM,POM,POK,PCB (5-pin),Stainless Steel Spring,38g,50g,2.00 mm,4.00 mm
FLCMMK Ice Silver,Linear,POM,POM,POK,PCB (5-pin),Stainless Steel Spring,45g,58g,1.20 mm,3.40 mm
Free Wolf White,Linear,PC,Nylon,POM,Plate (3-pin),Stainless Steel Spring,,,,
Free Wolf Yellow,Linear,PC,Nylon,POM,Plate (3-pin),Stainless Steel Spring,,,,
G Switch Forgive,Linear,PC,PC,POM,Plate (3-pin),Stainless Steel Spring,,63.5g,,4.00 mm
G Switch Pono Pink,Tactile,PC,PC,POM,Plate (3-pin),Two-Stage Extension Spring,47g,55g,,
G-Square Alice,Linear,PC,Nylon,POM,PCB (5-pin),Stainless Steel Spring,37g,,2.00 mm,3.20 mm
G-Square Betty V2,Tactile,LY,LY,POM,PCB (5-pin),Stainless Steel Spring,,60g,,
G-Square Blue Smoke,Linear,Nylon,Nylon,POM,PCB (5-pin),22 mm Stainless Steel Spring,58g,67g,2.00 mm,3.80 mm
G-Square Cockatiel,Linear,Nylon,Nylon,POM,PCB (5-pin),22 mm Stainless Steel Spring,48g,60g,2.00 mm,3.80 mm
G-Square Dark Warrior V2,Tactile,PC,Nylon,POM,PCB (5-pin),Stainless Steel Spring,43g,62g,,3.20 mm
G-Square Dreamland,Linear,PC,Nylon,POM,PCB (5-pin),Stainless Steel Spring,42g,58g,,3.20 mm
G-Square Dreamland,Tactile,PC,Nylon,POM,PCB (5-pin),Stainless Steel Spring,43g,62g,,3.20 mm
G-Square EMT V3,Tactile,LY,LY,POM,PCB (5-pin),Stainless Steel Spring,,60g,,
G-Square Fancy,Linear,LY,LY,LY,PCB (5-pin),Stainless Steel Spring,42g,55g,,3.50 mm
G-Square Lunalight,Linear,Nylon,Nylon,POM,PCB (5-pin),Stainless Steel Spring,40g,60g,,
G-Square Ram Silent V2,Linear,LY,LY,POM,PCB (5-pin),Stainless Steel Spring,,55g,,
G-Square Rem Silent V2,Tactile,LY,LY,POM,PCB (5-pin),Stainless Steel Spring,,55g,,
G-Square Tessence,Tactile,Nylon,Nylon,POM,PCB (5-pin),Stainless Steel Spring,50g,62g,,
G-Square White Samurai,Linear,PC,Nylon,POM,PCB (5-pin),Stainless Steel Spring,42g,58g,,3.20 mm
G-Square White Samurai V2,Linear,LY,LY,POM,PCB (5-pin),Stainless Steel Spring,42g,58g,2.00 mm,3.50 mm
G.Rule Brown,Tactile,PC,Nylon,POM,Plate (3-pin),Stainless Steel Spring,40g,63g,2.00 mm,4.00 mm
G.Rule Cherry Blossom,Linear,PC,Nylon,POM,Plate (3-pin),Stainless Steel Spring,38g,,2.20 mm,4.00 mm
G.Rule Dustproof Brown,Tactile,PC,Nylon,POM,Plate (3-pin),Stainless Steel Spring,43g,,2.00 mm,3.80 mm
G.Rule Dustproof Red,Linear,PC,Nylon,POM,Plate (3-pin),Stainless Steel Spring,,,1.80 mm,3.80 mm
G.Rule Green,Linear,PC,Nylon,POM,PCB (5-pin),Stainless Steel Spring,40g,50g,2.00 mm,3.30 mm
G.Rule Purple,Tactile,PC,Nylon,POM,PCB (5-pin),Stainless Steel Spring,55g,63g,1.10 mm,3.30 mm
G.Rule Red,Linear,PC,Nylon,POM,Plate (3-pin),Stainless Steel Spring,37g,,2.00 mm,4.00 mm
G.Rule Ultralight,Linear,PC,Nylon,POM,Plate (3-pin),20 mm Stainless Steel Spring,34g,,1.80 mm,3.80 mm
G.Rule White,Clicky,PC,Nylon,POM,Plate (3-pin),Stainless Steel Spring,50g,63g,2.30 mm,4.00 mm
Gamakay Bumblebee,Linear,,,,Plate (3-pin),Stainless Steel Spring,45g,65g,1.30 mm,4.00 mm
Gamakay Crystal,Linear,,,,Plate (3-pin),Stainless Steel Spring,45g,65g,2.00 mm,4.00 mm
Gamakay Griffin Silent,Tactile,PC,Nylon,POM,Plate (3-pin),Stainless Steel Spring,45g,65g,1.80 mm,3.20 mm
Gamakay Jupiter,Linear,PC,Nylon,POM,PCB (5-pin),Stainless Steel Spring,50g,55g,2.00 mm,3.30 mm
Gamakay Mars,Tactile,PC,Nylon,POM,PCB (5-pin),Stainless Steel Spring,50g,70g,2.00 mm,3.30 mm
Gamakay Mercury,Linear,PC,Nylon,POM,PCB (5-pin),Stainless Steel Spring,40g,50g,2.00 mm,3.30 mm
Gamakay Pegasus Silent,Tactile,PC,Nylon,POM,Plate (3-pin),Stainless Steel Spring,45g,65g,2.00 mm,3.30 mm
Gamakay Phoenix Silent,Linear,,,,Plate (3-pin),Stainless Steel Spring,40g,45g,2.00 mm,3.30 mm
Gamakay Venus,Tactile,PC,Nylon,POM,PCB (5-pin),Stainless Steel Spring,40g,60g,2.30 mm,3.30 mm
Ganss Cobalt,Clicky,PC,PC,POM,PCB (5-pin),Stainless Steel Spring,45g,60g,1.90 mm,4.00 mm
Ganss Lunar Blue,Tactile,PC,PC,POM,PCB (5-pin),Stainless Steel Spring,35g,50g,2.00 mm,4.00 mm
Ganss Lunar Silver,Linear,PC,PC,POM,PCB (5-pin),Stainless Steel Spring,43g,48g,1.00 mm,3.50 mm
Gateron 8008 Ink,Linear,Proprietary INK Blend,Proprietary INK Blend,POM,PCB (5-pin),Stainless Steel Spring,50g,62g,2.00 mm,4.00 mm
Gateron Aliaz Silent - 60g,Tactile,PC,PC,POM,PCB (5-pin),Stainless Steel Spring,60g,75g,2.00 mm,4.00 mm
Gateron Aliaz Silent - 70g,Tactile,PC,PC,POM,PCB (5-pin),Stainless Steel Spring,70g,85g,2.00 mm,4.00 mm
Gateron Aliaz Silent - 80g,Tactile,PC,PC,POM,PCB (5-pin),Stainless Steel Spring,80g,95g,2.00 mm,4.00 mm
Gateron Aliaz Silent - 100g,Tactile,PC,PC,POM,PCB (5-pin),Stainless Steel Spring,100g,115g,2.00 mm,4.00 mm
Gateron Baby Kangaroo,Tactile,PC,Nylon,POM,PCB (5-pin),22 mm Two-Stage Gold-Plated Spring,59g,67g,2.00 mm,3.40 mm
Gateron Baby Kangaroo (V2),Tactile,PC,Nylon,POM,PCB (5-pin),22 mm Two-Stage Gold-Plated Spring,59g,67g,2.00 mm,3.40 mm
Gateron Baby Raccoon,Linear,PC,Nylon,POM,PCB (5-pin),20 mm Long Spring,55g,63g,2.00 mm,3.60 mm
Gateron Baby Raccoon (V2),Linear,PC,Nylon,POM,PCB (5-pin),20 mm Long Spring,55g,63g,2.00 mm,3.60 mm
Gateron Baltic Ink,Linear,Proprietary INK Blend,Proprietary INK Blend,POM,PCB (5-pin),Stainless Steel Spring,60g,70g,2.00 mm,4.00 mm
Gateron Beer,Tactile,PC,PC,POM,PCB (5-pin),22 mm Lengthened Gold-Plated Spring,38g,50g,2.00 mm,3.40 mm
Gateron Black,Linear,PC,Nylon,POM,PCB (5-pin),Stainless Steel Spring,60g,70g,2.00 mm,4.00 mm
Gateron Black 2.0 Silent,Linear,PC,Nylon,POM,PCB (5-pin),Stainless Steel Spring,60g,75g,2.00 mm,4.00 mm
Gateron Black Silent,Linear,PC,Nylon,POM,PCB (5-pin),Stainless Steel Spring,60g,70g,2.00 mm,4.00 mm
Gateron Blizzard,Tactile,Nylon,POM,,PCB (5-pin),Stainless Steel Spring,60g,,2.00 mm,3.40 mm
Gateron Blizzard Silver,Tactile,PC,Nylon,POM,PCB (5-pin),Gold-Plated Spring,60g,,2.00 mm,3.40 mm
Gateron Blue,Clicky,PC,Nylon,POM,PCB (5-pin),Stainless Steel Spring,50g,60g,2.30 mm,4.00 mm
Gateron Blue Bubblegum,Linear,Nylon,Proprietary INK Blend,POM,PCB (5-pin),Stainless Steel Spring,55g,65g,2.00 mm,4.00 mm
Gateron Box CJ,Linear,PC,Nylon,POM,PCB (5-pin),15.4 mm Single-Stage Spring,45g,57g,2.00 mm,4.00 mm
Gateron Brown,Tactile,PC,Nylon,POM,PCB (5-pin),Stainless Steel Spring,55g,70g,2.00 mm,4.00 mm
Gateron Brown Silent,Tactile,PC,Nylon,POM,Plate (3-pin),Stainless Steel Spring,55g,70g,2.00 mm,4.00 mm
Gateron Camping,Linear,Nylon,Nylon,POM,PCB (5-pin),Stainless Steel Spring,42g,55g,1.20 mm,3.40 mm
Gateron CAP Anniversary,Linear,PC,Nylon,POM,PCB (5-pin),20 mm Gold-Plated Spring,50g,65g,2.00 mm,4.00 mm
Gateron CAP Lunar Mare,Tactile,PC,Nylon,POM,PCB (5-pin),Stainless Steel Spring,52g,59g,2.00 mm,3.40 mm
Gateron CAP V2 Golden Brown,Tactile,Nylon,Nylon,POM,PCB (5-pin),Stainless Steel Spring,45g,55g,2.00 mm,4.00 mm
Gateron CAP V2 Golden Yellow,Linear,Nylon,Nylon,POM,PCB (5-pin),Stainless Steel Spring,50g,60g,2.00 mm,4.00 mm
Gateron CAP V2 Milky Brown,Tactile,Nylon,Nylon,POM,PCB (5-pin),Stainless Steel Spring,45g,60g,2.00 mm,4.00 mm
Gateron CAP V2 Milky Yellow,Linear,Nylon,Nylon,POM,PCB (5-pin),Stainless Steel Spring,50g,65g,2.00 mm,4.00 mm
Gateron CJ,Linear,Proprietary INK Blend,POM,POM,PCB (5-pin),Gold-Plated Spring,50g,60g,2.00 mm,4.00 mm
Gateron Clear,Linear,PC,Nylon,POM,PCB (5-pin),Stainless Steel Spring,35g,50g,2.00 mm,4.00 mm
Gateron CM,Linear,Nylon,Nylon,POM,PCB (5-pin),20 mm Two-Stage Lengthened Spring,55g,63.5g,2.00 mm,3.60 mm
Gateron COX GN08 Yellow Silent,Linear,,,,Plate (3-pin),Stainless Steel Spring,50g,,,4.00 mm
Gateron Cream,Linear,,,,PCB (5-pin),Stainless Steel Spring,62g,,2.00 mm,4.00 mm
Gateron Cream Soda,Linear,Proprietary Milky Blend,Proprietary INK Blend,POM,PCB (5-pin),Stainless Steel Spring,,63g,,3.80 mm
Gateron Deepping - 3.7 mm,Linear,Nylon,Nylon,POM,,Stainless Steel Spring,,58g,2.00 mm,3.70 mm
Gateron Deepping - 4 mm,Linear,Nylon,Nylon,POM,,Stainless Steel Spring,,58g,2.00 mm,3.70 mm
Gateron EverFree (EF) Brown,Tactile,PC,Nylon,POM,Plate (3-pin),20.5 mm Stainless Steel Lengthened Spring,55g,63g,2.00 mm,4.00 mm
Gateron Everfree (EF) Cedar,Linear,PC,Nylon,POM,PCB (5-pin),Two-Stage Spring,55g,,2.00 mm,3.60 mm
Gateron EverFree (EF) Curry,Linear,PC,Nylon,POM,PCB (5-pin),Gold-Plated Spring,50g,60g,2.00 mm,4.00 mm
Gateron EverFree (EF) Greyish,Tactile,PC,Nylon,POM,PCB (5-pin),Two-Stage Spring,59g,,2.00 mm,3.40 mm
Gateron EverFree (EF) Red,Linear,PC,Nylon,POM,PCB (5-pin),20.5 mm Stainless Steel Lengthened Spring,45g,50g,2.00 mm,4.00 mm
Gateron EverFree (EF) Yellow,Linear,PC,Nylon,POM,PCB (5-pin),15.4 mm Long Spring,50g,67g,2.00 mm,4.00 mm
Gateron FC,Linear,Nylon,Nylon,POM,PCB (5-pin),Stainless Steel Extension Spring,,,,
Gateron FF Cheese,Linear,,,,PCB (5-pin),Stainless Steel Spring,,62g,,
Gateron G Pro 2.0 Black,Linear,Nylon,Nylon,POM,PCB (5-pin),Stainless Steel Spring,60g,,2.00 mm,4.00 mm
Gateron G Pro 2.0 Blue,Clicky,Nylon,Nylon,POM,PCB (5-pin),Stainless Steel Spring,60g,,2.30 mm,4.00 mm
Gateron G Pro 2.0 Brown,Tactile,Nylon,Nylon,POM,PCB (5-pin),Stainless Steel Spring,55g,,2.00 mm,4.00 mm
Gateron G Pro 2.0 Red,Linear,Nylon,Nylon,POM,PCB (5-pin),Stainless Steel Spring,45g,,2.00 mm,4.00 mm
Gateron G Pro 2.0 Silver,Linear,Nylon,Nylon,POM,PCB (5-pin),Stainless Steel Spring,45g,,1.20 mm,3.40 mm
Gateron G Pro 2.0 White,Linear,Nylon,Nylon,POM,PCB (5-pin),Stainless Steel Spring,38g,,2.00 mm,4.00 mm
Gateron G Pro 2.0 Yellow,Linear,Nylon,Nylon,POM,PCB (5-pin),Stainless Steel Spring,50g,,2.00 mm,4.00 mm
Gateron G Pro 3.0 Black,Linear,Proprietary INK Blend,POM,POM,PCB (5-pin),22 mm Gold-Plated Spring,60g,70g,2.00 mm,4.00 mm
Gateron G Pro 3.0 Blue,Clicky,PC,Nylon,POM,PCB (5-pin),14.5 mm Long Spring,50g,60g,2.00 mm,4.00 mm
Gateron G Pro 3.0 Brown,Tactile,PC,Nylon,POM,Plate (3-pin),20.5 mm Stainless Steel Lengthened Spring,55g,63g,2.00 mm,4.00 mm
Gateron G Pro 3.0 Red,Linear,PC,Nylon,POM,PCB (5-pin),20.5 mm Stainless Steel Lengthened Spring,45g,50g,2.00 mm,4.00 mm
Gateron G Pro 3.0 Silver,Linear,PC,Nylon,POM,PCB (5-pin),22 mm Stainless Steel Lengthened Spring,45g,50g,1.20 mm,3.40 mm
Gateron G Pro 3.0 White,Linear,PC,Nylon,POM,Plate (3-pin),20 mm Stainless Steel Lengthened Spring,38g,45g,2.00 mm,4.00 mm
Gateron G Pro 3.0 Yellow,Linear,PC,Nylon,POM,PCB (5-pin),15.4 mm Long Spring,50g,67g,2.00 mm,4.00 mm
Gateron Green,Clicky,PC,Nylon,POM,Plate (3-pin),Stainless Steel Spring,80g,90g,2.00 mm,4.00 mm
Gateron Greyish,Tactile,PC,Nylon,POM,PCB (5-pin),Stainless Steel Spring,50g,59g,2.00 mm,3.40 mm
Gateron Ink Black,Linear,Proprietary INK Blend,Proprietary INK Blend,POM,PCB (5-pin),Colour-Coated Spring,60g,70g,2.00 mm,4.00 mm
Gateron Ink Black Silent,Linear,Proprietary INK Blend,Proprietary INK Blend,POM,PCB (5-pin),Colour-Coated Spring,60g,70g,2.00 mm,4.00 mm
Gateron Ink Black V2,Linear,Proprietary INK Blend,Proprietary INK Blend,POM,PCB (5-pin),Colour-Coated Spring,60g,70g,2.00 mm,4.00 mm
Gateron Ink Black V2 Silent,Linear,Proprietary INK Blend,Proprietary INK Blend,POM,PCB (5-pin),Colour-Coated Spring,60g,70g,2.00 mm,4.00 mm
Gateron Ink Blue,Clicky,Proprietary INK Blend,Proprietary INK Blend,POM,PCB (5-pin),Gold-Plated Spring,60g,75g,2.30 mm,4.00 mm
Gateron Ink Blue V2,Clicky,Proprietary INK Blend,Proprietary INK Blend,POM,PCB (5-pin),Gold-Plated Spring,60g,75g,2.30 mm,4.00 mm
Gateron Ink Box Black,Linear,Proprietary INK Blend,Proprietary INK Blend,POM,PCB (5-pin),Stainless Steel Spring,60g,70g,1.80 mm,3.60 mm
Gateron Ink Box Blue V2,Clicky,Proprietary INK Blend,Proprietary INK Blend,POM,PCB (5-pin),Stainless Steel Spring,60g,75g,2.30 mm,3.60 mm
Gateron Ink Box Kangaroo - 59g,Tactile,Proprietary INK Blend,Proprietary INK Blend,POM,PCB (5-pin),Gold-Plated Spring,44g,59g,1.50 mm,3.50 mm
Gateron Ink Box Kangaroo - 63g,Tactile,Proprietary INK Blend,Proprietary INK Blend,POM,PCB (5-pin),Gold-Plated Spring,48g,63g,1.50 mm,3.50 mm
Gateron Ink Box Pink,Linear,Proprietary INK Blend,Proprietary INK Blend,POM,PCB (5-pin),Stainless Steel Spring,50g,60g,1.80 mm,3.60 mm
Gateron Ink Red,Linear,Proprietary INK Blend,Proprietary INK Blend,POM,PCB (5-pin),Gold-Plated Spring,45g,60g,2.00 mm,4.00 mm
Gateron Ink Red V2,Linear,Proprietary INK Blend,Proprietary INK Blend,POM,PCB (5-pin),Gold-Plated Spring,45g,60g,2.00 mm,4.00 mm
Gateron Ink Yellow,Linear,Proprietary INK Blend,Proprietary INK Blend,POM,PCB (5-pin),Gold-Plated Spring,60g,67g,1.50 mm,3.50 mm
Gateron Ink Yellow V2,Linear,Proprietary INK Blend,Proprietary INK Blend,POM,PCB (5-pin),Gold-Plated Spring,60g,67g,1.50 mm,3.50 mm
Gateron Jupiter Banana,Tactile,PC,Nylon,POM,PCB (5-pin),Stainless Steel Spring,59g,69g,2.00 mm,3.40 mm
Gateron Jupiter Brown,Tactile,PC,Nylon,POM,PCB (5-pin),Stainless Steel Spring,55g,70g,2.00 mm,4.00 mm
Gateron Jupiter Red,Linear,PC,Nylon,POM,PCB (5-pin),Stainless Steel Spring,45g,60g,2.00 mm,4.00 mm
Gateron KS-1 Rantopad Orange,Linear,,,,Plate (3-pin),Stainless Steel Spring,,,,
Gateron KS-3X Black,Linear,Nylon,Nylon,POM,PCB (5-pin),Stainless Steel Spring,60g,75g,2.00 mm,4.00 mm
Gateron KS-3X Blue,Clicky,Nylon,Nylon,POM,PCB (5-pin),Stainless Steel Spring,60g,75g,2.30 mm,4.00 mm
Gateron KS-3X Brown,Tactile,Nylon,Nylon,POM,PCB (5-pin),Stainless Steel Spring,55g,70g,2.00 mm,4.00 mm
Gateron KS-3X Green,Clicky,Nylon,Nylon,POM,PCB (5-pin),Stainless Steel Spring,80g,95g,2.30 mm,4.00 mm
Gateron KS-3X Red,Linear,Nylon,Nylon,POM,PCB (5-pin),Stainless Steel Spring,45g,60g,2.00 mm,4.00 mm
Gateron KS-3X White,Linear,Nylon,Nylon,POM,PCB (5-pin),Stainless Steel Spring,35g,50g,2.00 mm,4.00 mm
Gateron KS-3X Yellow,Linear,Nylon,Nylon,POM,PCB (5-pin),Stainless Steel Spring,50g,65g,2.00 mm,4.00 mm
Gateron KS-3X47 Black,Linear,Nylon,Nylon,POM,PCB (5-pin),Stainless Steel Spring,60g,,2.00 mm,4.00 mm
Gateron KS-3X47 Blue,Clicky,Nylon,Nylon,POM,PCB (5-pin),Stainless Steel Spring,60g,,2.30 mm,4.00 mm
Gateron KS-3X47 Brown,Tactile,Nylon,Nylon,POM,PCB (5-pin),Stainless Steel Spring,55g,,2.00 mm,4.00 mm
Gateron KS-3X47 Green,Clicky,Nylon,Nylon,POM,PCB (5-pin),Stainless Steel Spring,80g,,2.30 mm,4.00 mm
Gateron KS-3X47 Pro,Linear,Nylon,Nylon,POM,PCB (5-pin),Stainless Steel Spring,50g,,2.00 mm,4.00 mm
Gateron KS-3X47 Red,Linear,Nylon,Nylon,POM,PCB (5-pin),Stainless Steel Spring,45g,,2.00 mm,4.00 mm
Gateron KS-3X47 White,Linear,Nylon,Nylon,POM,PCB (5-pin),Stainless Steel Spring,35g,,2.00 mm,4.00 mm
Gateron KS-3X47 Yellow,Linear,Nylon,Nylon,POM,PCB (5-pin),Stainless Steel Spring,50g,,2.00 mm,4.00 mm
Gateron KS-15 Black,Linear,PC,Nylon,POM,,Stainless Steel Spring,60g,,2.00 mm,4.00 mm
Gateron KS-15 Blue,Clicky,PC,Nylon,POM,,Stainless Steel Spring,55g,,2.30 mm,4.00 mm
Gateron KS-15 Brown,Tactile,PC,Nylon,POM,,Stainless Steel Spring,55g,,2.00 mm,4.00 mm
Gateron KS-15 Red,Linear,PC,Nylon,POM,,Stainless Steel Spring,45g,,2.00 mm,4.00 mm
Gateron KS-15 Silver,Linear,PC,Nylon,POM,,Stainless Steel Spring,45g,,1.00 mm,3.20 mm
Gateron KS-15 White,Linear,PC,Nylon,POM,,Stainless Steel Spring,35g,,2.00 mm,4.00 mm
Gateron KS-15 Yellow,Linear,PC,Nylon,POM,,Stainless Steel Spring,35g,,1.00 mm,3.20 mm
Gateron KS-22 Black,Linear,PC,Nylon,POM,,Stainless Steel Spring,60g,,2.00 mm,4.00 mm
Gateron KS-22 Blue,Clicky,PC,Nylon,POM,,Stainless Steel Spring,60g,,2.00 mm,4.00 mm
Gateron KS-22 Brown,Tactile,PC,Nylon,POM,,Stainless Steel Spring,55g,,2.00 mm,4.00 mm
Gateron KS-22 Red,Linear,PC,Nylon,POM,,Stainless Steel Spring,45g,,2.00 mm,3.20 mm
Gateron KS-22 Silver,Linear,PC,Nylon,POM,,Stainless Steel Spring,45g,,1.00 mm,3.20 mm
Gateron KS-22 White,Linear,PC,Nylon,POM,,Stainless Steel Spring,35g,,2.00 mm,4.00 mm
Gateron KS-22 Yellow,Linear,PC,Nylon,POM,,Stainless Steel Spring,35g,,1.00 mm,3.20 mm
Gateron Limbo,Tactile,Nylon,Nylon,POM,PCB (5-pin),Stainless Steel Spring,,63.5g,1.50 mm,3.50 mm
Gateron Linjär,Linear,Nylon,Nylon,POM,PCB (5-pin),Gold-Plated Spring,,65g,2.00 mm,4.00 mm
Gateron Lion,Linear,Gateron KS3 Mold,Gateron KS3 Mold,POM,PCB (5-pin),Gold-Plated Spring,,63.5g,,
Gateron Low Profile 2.0 Banana,Tactile,PC,Nylon,POM,Plate (3-pin),Stainless Steel Spring,60g,,1.70 mm,3.00 mm
Gateron Low Profile 2.0 Blue,Clicky,PC,Nylon,POM,Plate (3-pin),Stainless Steel Spring,65g,70g,1.70 mm,3.20 mm
Gateron Low Profile 2.0 Brown,Tactile,PC,Nylon,POM,Plate (3-pin),Stainless Steel Spring,55g,60g,1.70 mm,3.20 mm
Gateron Low Profile 2.0 Chocolate,Tactile,POK,POM,POM,Plate (3-pin),Stainless Steel Spring,55g,,1.70 mm,3.00 mm
Gateron Low Profile 2.0 Red,Linear,PC,Nylon,POM,Plate (3-pin),Stainless Steel Spring,50g,60g,1.70 mm,3.20 mm
Gateron Low Profile 2.0 Silver,Linear,PC,Nylon,POM,Plate (3-pin),Stainless Steel Spring,,,1.70 mm,3.20 mm
Gateron Luciola,Linear,Proprietary INK Blend,Proprietary INK Blend,POM,PCB (5-pin),22 mm Two-Stage Long Spring,55g,60g,2.00 mm,3.60 mm
Gateron Lunar Probe,Linear,PC,Nylon,POM,PCB (5-pin),Two-Stage Spring,45g,50g,1.80 mm,3.60 mm
Gateron Maestro,Linear,PC,Nylon,UHMWPE,PCB (5-pin),22 mm Stainless Steel Spring,,58g,2.00 mm,4.00 mm
Gateron Magnetic Dual-Rail Jade Mini E,Linear,Nylon,Nylon,POM,PCB (5-pin),Stainless Steel Spring,30g,50g,,3.50 mm
Gateron Magnetic Dual-Rail Orange (KS-20),Hall Effect,Nylon,Nylon,POM,PCB (5-pin),Stainless Steel Spring,30g,,,4.10 mm
Gateron Magnetic Fox,Linear,PC,Nylon,POM,PCB (5-pin),Stainless Steel Spring,30g,50g,,4.00 mm
Gateron Magnetic HE Orange (KS-20),Hall Effect,PC,Nylon,POM,PCB (5-pin),Stainless Steel Spring,38g,,,4.10 mm
Gateron Magnetic HE White (KS-20),Hall Effect,PC,Nylon,POM,PCB (5-pin),Stainless Steel Spring,30g,,,4.10 mm
Gateron Magnetic Jade,Hall Effect,PC,Nylon,POM,PCB (5-pin),Stainless Steel Spring,30g,,,3.50 mm
Gateron Magnetic Pink Jade,Hall Effect,PC,Nylon,POM,PCB (5-pin),Stainless Steel Spring,30g,,,3.50 mm
Gateron Mars,Linear,Nylon,POM,POK,PCB (5-pin),Two-Stage Spring,45g,,1.20 mm,3.60 mm
Gateron Melodic,Clicky,PC,Nylon,POM,PCB (5-pin),Stainless Steel Spring,60g,,2.00 mm,4.00 mm
Gateron Merlot,Linear,PC,Nylon,POM,PCB (5-pin),Stainless Steel Spring,45g,60g,,
Gateron Milky Black,Linear,Nylon,Nylon,POM,PCB (5-pin),Stainless Steel Spring,60g,,2.00 mm,4.00 mm
Gateron Milky Blue,Clicky,Nylon,Nylon,POM,PCB (5-pin),Stainless Steel Spring,60g,,2.30 mm,4.00 mm
Gateron Milky Brown,Tactile,Nylon,Nylon,POM,PCB (5-pin),Stainless Steel Spring,55g,,2.00 mm,4.00 mm
Gateron Milky Green,Clicky,Nylon,Nylon,POM,PCB (5-pin),Stainless Steel Spring,80g,,2.30 mm,4.00 mm
Gateron Milky Red,Linear,Nylon,Nylon,POM,PCB (5-pin),Stainless Steel Spring,45g,,2.00 mm,4.00 mm
Gateron Milky Red Pro (KS-3),Linear,Nylon,Nylon,POM,PCB (5-pin),Stainless Steel Spring,45g,52g,2.00 mm,4.00 mm
Gateron Milky White,Linear,Nylon,Nylon,POM,PCB (5-pin),Stainless Steel Spring,35g,,2.00 mm,4.00 mm
Gateron Milky Yellow,Linear,Nylon,Nylon,POM,PCB (5-pin),Stainless Steel Spring,50g,,2.00 mm,4.00 mm
Gateron Milky Yellow Pro (KS-3),Linear,Nylon,Nylon,POM,PCB (5-pin),Stainless Steel Spring,50g,62g,2.00 mm,4.00 mm
Gateron Mini,Linear,Proprietary Milky Blend,Proprietary Milky Blend,POM,PCB (5-pin),Stainless Steel Spring,50g,62g,,
Gateron Mini i,Tactile,Nylon,Nylon,POM,PCB (5-pin),22 mm Two-Stage Spring,40g,50g,1.40 mm,3.40 mm
Gateron Mizu Mink,Linear,Proprietary Milky Blend,Proprietary INK Blend,POM,PCB (5-pin),Stainless-Steel Spring,50g,62g,,
Gateron Mochi,Linear,Nylon,Nylon,POM,PCB (5-pin),Stainless Steel Spring,55g,63.5g,2.00 mm,4.00 mm
Gateron Mountain Top,Linear,Nylon,Nylon,POM,PCB (5-pin),22 mm Double-Stage Spring,40g,50g,1.40 mm,3.40 mm
Gateron N1,Linear,Nylon,Nylon,POM,PCB (5-pin),Gold-Plated spring,52g,67g,2.00 mm,4.00 mm
Gateron New North Pole V2,Linear,PC,PC,INK,PCB (5-pin),15.4 mm Gold-Plated Spring,50g,62.5g,2.00 mm,4.00 mm
Gateron North Pole Brown V2,Tactile,PC,PC,INK,PCB (5-pin),Stainless Steel Spring,45g,55g,2.00 mm,4.00 mm
Gateron North Pole Red V2,Linear,PC,PC,INK,PCB (5-pin),Stainless Steel Spring,45g,50g,2.00 mm,3.80 mm
Gateron North Pole Silver V2,Linear,PC,PC,INK,PCB (5-pin),Stainless Steel Spring,43g,50g,1.20 mm,3.40 mm
Gateron North Pole Transparent,Linear,PC,PC,INK,PCB (5-pin),Gold-Plated Spring,50g,65g,2.00 mm,4.00 mm
Gateron North Pole Yellow V2,Linear,PC,PC,INK,PCB (5-pin),Stainless Steel Spring,50g,67g,2.00 mm,4.00 mm
Gateron Oil King,Linear,Nylon,Proprietary INK Blend,POM,PCB (5-pin),Color-Coated Spring,55g,65g,2.00 mm,4.00 mm
Gateron Orange,Tactile,PC,Nylon,POM,Plate (3-pin),Stainless Steel Spring,55g,65g,2.00 mm,4.00 mm
Gateron Phantom Blue,Clicky,Proprietary INK Blend,Nylon,POM,Plate (3-pin),Stainless Steel Spring,45g,60g,2.30 mm,4.00 mm
Gateron Phantom Brown,Tactile,Proprietary INK Blend,Nylon,POM,Plate (3-pin),Stainless Steel Spring,45g,55g,2.00 mm,4.00 mm
Gateron Phantom Red,Linear,Proprietary INK Blend,Nylon,POM,Plate (3-pin),Stainless Steel Spring,45g,50g,2.00 mm,4.00 mm
Gateron Phantom Yellow,Linear,Proprietary INK Blend,Nylon,POM,Plate (3-pin),Stainless Steel Spring,50g,60g,2.00 mm,4.00 mm
Gateron Pink,Linear,PC,Nylon,POM,Plate (3-pin),Stainless Steel Spring,45g,60g,2.00 mm,4.00 mm
Gateron Pro Ultra Glory Red,Linear,Nylon,Nylon,POK,PCB (5-pin),20 mm Stainless Steel Spring,45g,,2.00 mm,3.60 mm
Gateron Pro Ultra Glory Yellow,Linear,Nylon,Nylon,POK,PCB (5-pin),15 mm Stainless Steel Spring,50g,,2.00 mm,4.00 mm
Gateron Purple Crystal,Linear,PC,Nylon,POM,PCB (5-pin),22 mm Stainless Steel Spring,40g,45g,,3.60 mm
Gateron Quinn,Tactile,Nylon,Nylon,POM,PCB (5-pin),22 mm Two-Stage Gold-Plated Spring,59g,67g,2.00 mm,3.40 mm
Gateron RAW,Linear,PC,Nylon,POM,PCB (5-pin),Single-Stage Spring,,62.5g,2.00 mm,3.70 mm
Gateron Red,Linear,PC,Nylon,POM,Plate (3-pin),Stainless Steel Spring,45g,60g,2.00 mm,4.00 mm
Gateron Red 2.0 Silent,Linear,PC,Nylon,POM,Plate (3-pin),Stainless Steel Spring,45g,60g,2.00 mm,4.00 mm
Gateron Red Silent,Linear,PC,Nylon,POM,Plate (3-pin),Stainless Steel Spring,45g,60g,2.00 mm,4.00 mm
Gateron Robin - 62g,Linear,PC,Nylon,POM,PCB (5-pin),Gold-Plated Spring,62g,67g,,
Gateron Robin - 67g,Linear,PC,Nylon,POM,PCB (5-pin),Gold-Plated Spring,67g,72g,,
Gateron Root Beer Float,Tactile,Proprietary Milky Blend,Proprietary INK Blend,INK,PCB (5-pin),22 mm Gold-Plated Extension Spring,,58g,,3.50 mm
Gateron Slate,Linear,,,,PCB (5-pin),Stainless Steel Spring,40g,60g,1.50 mm,3.50 mm
Gateron Smoothie,Linear,POM,POM,POM,PCB (5-pin),22 mm Two-Stage Extension Spring,40g,,2.00 mm,3.60 mm
Gateron Smoothie Sea Salt,Linear,POM,POM,POM,PCB (5-pin),22 mm Double-Stage Extension Spring,48g,,2.00 mm,3.70 mm
Gateron Smoothie Silver,Linear,POM,POM,POM,PCB (5-pin),22 mm Double-Stage Extension Spring,45g,,1.20 mm,3.40 mm
Gateron Snow Rabbit,Linear,POM,POM,POM,PCB (5-pin),Stainless Steel Spring,45g,,2.00 mm,4.00 mm
Gateron SolDarks,Tactile,Proprietary Milky Blend,Proprietary Milky Blend,POM,PCB (5-pin),Stainless Steel Spring,,60g,,
Gateron Summertime AX,Linear,POM,POM,INK,PCB (5-pin),20 mm Two-Stage Spring,,63g,,3.80 mm
Gateron Summertime BX,Linear,POM,POM,INK,PCB (5-pin),20 mm Two-Stage Spring,,63g,,3.80 mm
Gateron Summertime V2,Linear,POM,POM,INK,PCB (5-pin),20 mm Two-Stage Spring,,63.5g,,3.80 mm
Gateron Type A,Linear,Nylon,Nylon,POM,PCB (5-pin),20 mm Single-Stage Spring,50g,55g,2.00 mm,4.00 mm
Gateron Type L,Linear,Nylon,Nylon,POM,PCB (5-pin),22 mm Single-Stage Spring,38g,45g,2.00 mm,4.00 mm
Gateron Type S,Linear,Nylon,Nylon,POM,PCB (5-pin),18 mm Single-Stage Spring,55g,65g,2.00 mm,4.00 mm
Gateron UHMknown,Linear,Nylon,Proprietary INK Blend,UHMWPE,PCB (5-pin),20 mm Stainless Steel Spring,50g,57g,2.00 mm,4.00 mm
Gateron Unicorn,Linear,PC,Nylon,POM,PCB (5-pin),18 mm Two-Stage Spring,50g,80g,2.00 mm,4.00 mm
Gateron Weightlessness,Tactile,Nylon,Nylon,POM,PCB (5-pin),Two-Stage Spring,50g,,2.00 mm,3.40 mm
Gateron White 2.0 Silent,Linear,PC,Nylon,POM,Plate (3-pin),Stainless Steel Spring,35g,50g,2.00 mm,4.00 mm
Gateron White Silent,Linear,PC,Nylon,POM,Plate (3-pin),Stainless Steel Spring,35g,,2.00 mm,4.00 mm
Gateron X,Linear,Nylon,Nylon,POM,PCB (5-pin),Stainless Steel Spring,50g,65g,,
Gateron Yellow,Linear,PC,Nylon,POM,Plate (3-pin),Stainless Steel Spring,50g,60g,2.00 mm,4.00 mm
Gateron Yellow 2.0 Silent,Linear,PC,Nylon,POM,Plate (3-pin),Stainless Steel Spring,50g,65g,2.00 mm,4.00 mm
Gateron Yellow Silent,Linear,PC,Nylon,POM,Plate (3-pin),Stainless Steel Spring,50g,,2.00 mm,4.00 mm
Gateron Zero Degree 0° Silent,Linear,PC,Nylon,POM,PCB (5-pin),20 mm Extension Spring,45g,,1.80 mm,3.60 mm
Gazzew Boba Black U4 RGB Silent - 62g,Tactile,Proprietary Gazzew Blend,Proprietary Gazzew Blend,POM,PCB (5-pin),14 mm Stainless Steel Korean Spring,45g,62g,,3.60 mm
Gazzew Boba Black U4 RGB Silent - 68g,Tactile,Proprietary Gazzew Blend,Proprietary Gazzew Blend,POM,PCB (5-pin),14 mm Stainless Steel Korean Spring,,68g,,3.60 mm
Gazzew Boba Black U4 Silent - 62g,Tactile,Proprietary Gazzew Blend,Proprietary Gazzew Blend,POM,PCB (5-pin),14 mm Stainless Steel Korean Spring,45g,62g,,3.60 mm
Gazzew Boba Black U4 Silent - 68g,Tactile,Proprietary Gazzew Blend,Proprietary Gazzew Blend,POM,PCB (5-pin),14 mm Stainless Steel Korean Spring,,68g,,3.60 mm
Gazzew Boba Black U4T - 62g,Tactile,Proprietary Gazzew Blend,Proprietary Gazzew Blend,POM,PCB (5-pin),17.5 mm Stainless Steel Korean Spring,,62g,,4.00 mm
Gazzew Boba Black U4T - 68g,Tactile,Proprietary Gazzew Blend,Proprietary Gazzew Blend,POM,PCB (5-pin),17.5 mm Stainless Steel Korean Spring,39g,68g,,4.00 mm
Gazzew Boba Black U4T RGB V2 - 62g,Tactile,Proprietary Gazzew Blend,Proprietary Gazzew Blend,POM,PCB (5-pin),17.5 mm Stainless Steel Korean Spring,,62g,,4.00 mm
Gazzew Boba Black U4T RGB V2 - 63.5g,Tactile,Proprietary Gazzew Blend,Proprietary Gazzew Blend,POM,PCB (5-pin),17.5 mm Stainless Steel Korean Spring,,63.5g,,4.00 mm
Gazzew Boba Black U4T RGB V2 - 68g,Tactile,Proprietary Gazzew Blend,Proprietary Gazzew Blend,POM,PCB (5-pin),17.5 mm Stainless Steel Korean Spring,39g,68g,,4.00 mm
Gazzew Boba Black U4T V2 - 62g,Tactile,Proprietary Gazzew Blend,Proprietary Gazzew Blend,POM,PCB (5-pin),17.5 mm Stainless Steel Korean Spring,,62g,,4.00 mm
Gazzew Boba Black U4T V2 - 63.5g,Tactile,Proprietary Gazzew Blend,Proprietary Gazzew Blend,POM,PCB (5-pin),17.5 mm Stainless Steel Korean Spring,,63.5g,,4.00 mm
Gazzew Boba Black U4T V2 - 68g,Tactile,Proprietary Gazzew Blend,Proprietary Gazzew Blend,POM,PCB (5-pin),17.5 mm Stainless Steel Korean Spring,39g,68g,,4.00 mm
Gazzew Boba LT - 55g,Linear,Proprietary Gazzew Blend,Proprietary Gazzew Blend,POM,PCB (5-pin),Stainless Steel Korean Spring,,55g,,3.20 mm
Gazzew Boba LT - 65g,Linear,Proprietary Gazzew Blend,Proprietary Gazzew Blend,POM,PCB (5-pin),Stainless Steel Korean Spring,,65g,,3.20 mm
Gazzew Boba LT RGB - 55g,Linear,Proprietary Gazzew Blend,Proprietary Gazzew Blend,POM,PCB (5-pin),Stainless Steel Korean Spring,,55g,,3.20 mm
Gazzew Boba LT RGB - 65g,Linear,Proprietary Gazzew Blend,Proprietary Gazzew Blend,POM,PCB (5-pin),Stainless Steel Korean Spring,,65g,,3.20 mm
Gazzew Boba Plum U4Tx,Tactile,Proprietary Gazzew Blend,Proprietary Gazzew Blend,POM,PCB (5-pin),Stainless Steel Spring,,63.5g,,
Gazzew Boba U4 Silent - 55g,Tactile,Proprietary Gazzew Blend,Proprietary Gazzew Blend,POM,PCB (5-pin),14 mm Stainless Steel Korean Spring,,55g,,3.60 mm
Gazzew Boba U4 Silent - 62g,Tactile,Proprietary Gazzew Blend,Proprietary Gazzew Blend,POM,PCB (5-pin),14 mm Stainless Steel Korean Spring,45g,62g,,3.60 mm
Gazzew Boba U4 Silent - 65g,Tactile,Proprietary Gazzew Blend,Proprietary Gazzew Blend,POM,PCB (5-pin),14 mm Stainless Steel Korean Spring,,65g,,3.60 mm
Gazzew Boba U4 Silent - 68g,Tactile,Proprietary Gazzew Blend,Proprietary Gazzew Blend,POM,PCB (5-pin),14 mm Stainless Steel Korean Spring,,68g,,3.60 mm
Gazzew Boba U4 V2 Silent - 62g,Tactile,Proprietary Gazzew Blend,Proprietary Gazzew Blend,POM,PCB (5-pin),14 mm Stainless Steel Korean Spring,45g,62g,,3.60 mm
Gazzew Boba U4 V2 Silent - 63.5g,Tactile,Proprietary Gazzew Blend,Proprietary Gazzew Blend,POM,PCB (5-pin),14 mm Stainless Steel Korean Spring,,63.5g,,3.60 mm
Gazzew Boba U4 V2 Silent - 68g,Tactile,Proprietary Gazzew Blend,Proprietary Gazzew Blend,POM,PCB (5-pin),14 mm Stainless Steel Korean Spring,,68g,,3.60 mm
Gazzew Boba U4T - 62g,Tactile,Proprietary Gazzew Blend,Proprietary Gazzew Blend,POM,PCB (5-pin),17.5 mm Stainless Steel Korean Spring,,62g,,4.00 mm
Gazzew Boba U4T - 68g,Tactile,Proprietary Gazzew Blend,Proprietary Gazzew Blend,POM,PCB (5-pin),17.5 mm Stainless Steel Korean Spring,39g,68g,,4.00 mm
Gazzew Boba U4T Nixdork - 55g,Tactile,Proprietary Nixdork Blend,Proprietary Gazzew Blend,POM,PCB (5-pin),17.5 mm Stainless Steel Korean Spring,,55g,,4.00 mm
Gazzew Boba U4T Nixdork - 65g,Tactile,Proprietary Nixdork Blend,Proprietary Gazzew Blend,POM,PCB (5-pin),17.5 mm Stainless Steel Korean Spring,,65g,,4.00 mm
Gazzew Boba U4T V2 - 62g,Tactile,Proprietary Gazzew Blend,Proprietary Gazzew Blend,POM,PCB (5-pin),17.5 mm Stainless Steel Korean Spring,,62g,,4.00 mm
Gazzew Boba U4T V2 - 63.5g,Tactile,Proprietary Gazzew Blend,Proprietary Gazzew Blend,POM,PCB (5-pin),17.5 mm Stainless Steel Korean Spring,,63.5g,,4.00 mm
Gazzew Boba U4T V2 - 65g,Tactile,Proprietary Gazzew Blend,Proprietary Gazzew Blend,POM,PCB (5-pin),17.5 mm Stainless Steel Korean Spring,,65g,,4.00 mm
Gazzew Boba U4Tx - 63.5g,Tactile,Proprietary Gazzew Blend,Proprietary Gazzew Blend,POM,PCB (5-pin),Stainless Steel Spring,,63.5g,,
Gazzew Boba U4Tx - 65g,Tactile,Proprietary Gazzew Blend,Proprietary Gazzew Blend,POM,PCB (5-pin),Stainless Steel Spring,,63.5g,,
Gazzew Bobagum RGB Silent - 52g,Linear,Proprietary Gazzew Blend,Proprietary Gazzew Blend,POM,PCB (5-pin),14.5 mm Stainless Steel Korean Spring,,52g,,3.60 mm
Gazzew Bobagum RGB Silent - 62g,Linear,Proprietary Gazzew Blend,Proprietary Gazzew Blend,POM,PCB (5-pin),14.5 mm Stainless Steel Korean Spring,,62g,,3.60 mm
Gazzew Bobagum RGB Silent - 68g,Linear,Proprietary Gazzew Blend,Proprietary Gazzew Blend,POM,PCB (5-pin),14.5 mm Stainless Steel Korean Spring,,68g,,3.60 mm
Gazzew Bobagum Silent - 52g,Linear,Proprietary Gazzew Blend,Proprietary Gazzew Blend,POM,PCB (5-pin),14.5 mm Stainless Steel Korean Spring,,52g,,3.60 mm
Gazzew Bobagum Silent - 62g,Linear,Proprietary Gazzew Blend,Proprietary Gazzew Blend,POM,PCB (5-pin),14.5 mm Stainless Steel Korean Spring,,62g,,3.60 mm
Gazzew Bobagum Silent - 68g,Linear,Proprietary Gazzew Blend,Proprietary Gazzew Blend,POM,PCB (5-pin),14.5 mm Stainless Steel Korean Spring,,68g,,3.60 mm
GeekMaker Creamy Green,Linear,,,POM,PCB (5-pin),Stainless Steel Spring,78g,,,
GeekMaker Creamy Pink,Linear,,,POM,PCB (5-pin),Stainless Steel Spring,62g,,,
GeekMaker Creamy Purple,Linear,,,POM,PCB (5-pin),Stainless Steel Spring,67g,,,
GeekMaker Creamy Yellow,Linear,,,POM,PCB (5-pin),Stainless Steel Spring,55g,,,
Geonworks HG Black,Linear,Nylon,Nylon,POM,PCB (5-pin),Stainless Steel Spring,,65g,,3.50 mm
Geonworks HG Clear - 3.5 mm,Linear,PC,PC,PC,PCB (5-pin),Stainless Steel Spring,,65g,,3.50 mm
Geonworks HG Clear - 4 mm,Linear,PC,PC,PC,PCB (5-pin),Stainless Steel Spring,,65g,,4.00 mm
Geonworks HG Red Silent,Linear,Nylon,Nylon,POM,PCB (5-pin),Stainless Steel Spring,,65g,,4.00 mm
Geonworks HG White,Tactile,Nylon,Nylon,POM,PCB (5-pin),Stainless Steel Spring,,65g,,3.60 mm
Geonworks HG Yellow Silent,Tactile,Nylon,Nylon,POM,PCB (5-pin),20 mm Single-Stage KOS Stainless Steel Spring,,65g,,4.00 mm
Geonworks HG Yellow Silent,Tactile,Nylon,Nylon,POM,PCB (5-pin),Stainless Steel Spring,,65g,,4.00 mm
Geonworks Raptor HE Gaming,Hall Effect,Nylon,Nylon,POM,,Single-Stage Spring,42g,52g,,4.00 mm
Geonworks Raptor MX Extreme Gaming,Linear,PC,Nylon,POM,PCB (5-pin),22 mm Spring,45g,52g,0.90 mm,3.10 mm
Geonworks Raptor MX Gaming,Linear,POM,Nylon,UPE,PCB (5-pin),20 mm Single-Stage Spring,42g,48g,1.00 mm,3.00 mm
Geonworks RAW HE - 27g,Hall Effect,PC,Nylon,POM,,Single-Stage Spring,36g,50g,0.10 - 3.30 mm,3.40 mm
Geonworks RAW HE - 27g,Hall Effect,PC,Nylon,POM,,Single-Stage Spring,27g,40g,0.10 - 3.30 mm,3.40 mm
Geonworks RAW HE - 36g,Hall Effect,PC,Nylon,POM,,Single-Stage Spring,45g,60g,0.10 - 3.30 mm,3.40 mm
Glorious Fox,Linear,PC,PC,POM,Plate (3-pin),Stainless Steel Spring,45g,60g,2.20 mm,3.90 mm
Glorious Lynx,Linear,PC,Nylon,POM,PCB (5-pin),Stainless Steel Spring,43g,60g,2.00 mm,3.90 mm
Glorious Panda,Tactile,PC,Nylon,POM,Plate (3-pin),Stainless Steel Spring,49g,60g,2.50 mm,3.30 mm
Glorious Raptor,Clicky,PC,Nylon,POM,PCB (5-pin),Stainless Steel Spring,55g,70g,2.00 mm,3.90 mm
Glove Design Diamond Unicorn,Linear,PC,Nylon,POM,PCB (5-pin),21.5 mm Stainless Steel Spring,37g,42g,1.90 mm,3.40 mm
Golden Orange Red,Linear,PC,Nylon,POM,Plate (3-pin),Stainless Steel Spring,,55g,,
GoMaster Salmon Reborn,Linear,Teflon,Teflon,M1,PCB (5-pin),22 mm Stainless Steel Extension Spring,37g,55g,,3.50 mm
Gopolar Azure Dragon V3,Tactile,PC,POM,POM,PCB (5-pin),18 mm Two-Stage Stainless Steel Spring,63g,67g,2.00 mm,3.60 mm
Gopolar OUTVA Yang,Linear,Nylon,Nylon,POM,PCB (5-pin),20 mm Two-Stage Stainless Steel Spring,46g,58g,2.00 mm,3.70 mm
Gopolar OUTVA Yin,Tactile,Nylon,Nylon,POM,PCB (5-pin),15 mm Stainless Steel Spring,65g,60g,2.00 mm,3.50 mm
Gopolar Vermilion Bird,Linear,PC,Nylon,POM,PCB (5-pin),18 mm Two-Stage Stainless Steel Spring,50g,67g,2.00 mm,4.00 mm
Grain Gold Blue,Linear,PC,Nylon,POM,Plate (3-pin),Stainless Steel Spring,50g,60g,2.00 mm,4.00 mm
Grain Gold Mint Bubblegum,Linear,POM,Nylon,POM,PCB (5-pin),22 mm Two-Stage KOS Extension Spring,37g,45g,1.80 mm,3.50 mm
Grain Gold Neon V1,Linear,PC,Nylon,POM,Plate (3-pin),Stainless Steel Spring,40g,55g,2.00 mm,4.00 mm
Grain Gold Neon V2,Linear,PC,Nylon,POM,Plate (3-pin),Stainless Steel Spring,40g,55g,2.00 mm,4.00 mm
Grain Gold Optical Blue,Clicky,PC,Nylon,POM,,Stainless Steel Spring,,,,
Grain Gold Strawberry Bubblegum,Linear,POM,Nylon,POM,PCB (5-pin),22 mm Two-Stage KOS Extension Spring,37g,45g,1.80 mm,3.50 mm
Grain Gold Tom Gold Pink,Linear,Nylon,Nylon,POM,PCB (5-pin),Stainless Steel Spring,37g,42g,1.80 mm,3.50 mm
Greetech Black,Linear,Nylon,Nylon,POM,PCB (5-pin),Stainless Steel Spring,65g,,,4.00 mm
Greetech Blue,Clicky,Nylon,Nylon,POM,PCB (5-pin),Stainless Steel Spring,55g,,,4.00 mm
Greetech Brown,Tactile,Nylon,Nylon,POM,PCB (5-pin),Stainless Steel Spring,38g,55g,,4.00 mm
Greetech Green,Clicky,Nylon,Nylon,POM,PCB (5-pin),Stainless Steel Spring,80g,,,4.00 mm
Greetech Red,Linear,Nylon,Nylon,POM,PCB (5-pin),Stainless Steel Spring,47g,66g,2.30mm,4.00 mm
grid Linear Semi-Silent,Linear,PC,PC,POM,PCB (5-pin),Stainless Steel Spring,55g,68g,2.00 mm,3.80 mm
GTMX Mid Profile Blue,Clicky,,,,Plate (3-pin),Stainless Steel Spring,55g,,,
GTMX Mid Profile Brown,Tactile,,,,Plate (3-pin),Stainless Steel Spring,55g,,,
GTMX Mid Profile Red,Linear,,,,Plate (3-pin),Stainless Steel Spring,55g,,,
GuGu Ice,Linear,PC,PC,PC,PCB (5-pin),Stainless Steel Spring,42g,63.5g,,
GuGu Ice,Tactile,PC,PC,PC,PCB (5-pin),Stainless Steel Spring,42g,63.5g,,
GuGu Lace,Tactile,Nylon,Nylon,HPE,PCB (5-pin),KOS Stainless Steel Spring,43g,62g,,
Gypsophilia Clear-White,Linear,Nylon,Nylon,POM,PCB (5-pin),Stainless Steel Spring,,57g,,
Gypsophilia Pink-Red,Linear,Nylon,Nylon,POM,PCB (5-pin),Stainless Steel Spring,,57g,,
Gypsophilia Pink-White,Linear,Nylon,Nylon,POM,PCB (5-pin),Stainless Steel Spring,,57g,,
Gypsophilia Purple-Cream,Linear,Nylon,Nylon,POM,PCB (5-pin),Stainless Steel Spring,,57g,,
Gypsophilia Purple-Green,Linear,Nylon,Nylon,POM,PCB (5-pin),Stainless Steel Spring,,57g,,
Gypsophilia Purple-Pink,Linear,Nylon,Nylon,POM,PCB (5-pin),Stainless Steel Spring,,57g,,
Haimu Bald Angel,Linear,,,,PCB (5-pin),Stainless Steel Spring,,60g,,
Haimu Balhae Blue,Tactile,PC,Nylon,POM,PCB (5-pin),Stainless Steel Spring,53g,60g,,3.80 mm
Haimu Benevolence,Tactile,Nylon,Nylon,POM,PCB (5-pin),21.5 mm Two-Stage Spring,,62g,,3.40 mm
Haimu Blue Jade,Tactile,PC,Nylon,POM,PCB (5-pin),22 mm Two-Stage Spring,,45g,2.00 mm,3.40 mm
Haimu Clear,Linear,PC,PC,Nylon,PCB (5-pin),20 mm Single-Stage Spring,,65g,2.00 mm,4.00 mm
Haimu Heartbeat Silent,Linear,Nylon,Nylon,POM,PCB (5-pin),15 mm Stainless Steel Spring,,65g,,3.80 mm
Haimu Lunar Purple,Linear,PC,PC,PC,PCB (5-pin),Stainless Steel Spring,40g,53g,2.00 mm,3.50 mm
Haimu Malice,Linear,Nylon,Nylon,POM,PCB (5-pin),21.5 mm Stainless Steel Spring,,62g,,3.80 mm
Haimu Navy Jade,Tactile,PC,Nylon,POM,PCB (5-pin),22 mm Two-Stage Spring,,45g,2.00 mm,3.40 mm
Haimu Neo White,Linear,PC,Nylon,LY,PCB (5-pin),Two-Stage Spring,,58g,2.00 mm,3.60 mm
Haimu Orange Sea,Tactile,PC,Nylon,POM,Plate (3-pin),22 mm Two-Stage KOS Spring,37g,45g,2.00 mm,3.60 mm
Haimu Pearl Lemon,Linear,PC,Nylon,POM,PCB (5-pin),22 mm Two-Stage Spring,,45g,2.00 mm,3.50 mm
Haimu RAW,Linear,POM,POM,UPE,PCB (5-pin),22 mm Single-Stage Spring,,57.5g,2.00 mm,3.50 mm
Haimu Sea Salt Lemons,Linear,PC,Nylon,POM,PCB (5-pin),Stainless Steel Spring,50g,60g,1.80 mm,4.00 mm
Haimu Viola Tricolor,Tactile,PC,Nylon,POM,PCB (5-pin),Two-Stage Gold-Plated Spring,,63.5g,,3.80 mm
Haimu Whisper,Tactile,Nylon,Nylon,POM,PCB (5-pin),15 mm Stainless Steel Spring,47g,60g,,3.80 mm
HAPE Orange Silent,Linear,Nylon,Nylon,POM,Plate (3-pin),Stainless Steel Spring,,,,
HC Studio Crabapple,Linear,POM,POM,POM,PCB (5-pin),Single-Stage Extension Spring,37g,45g,2.00 mm,3.60 mm
HC Studio Roselle,Linear,POM,POM,Y3,PCB (5-pin),20.5 mm Single-Stage Lengthened Spring,45g,52g,2.00 mm,3.60 mm
HHHH H1,Linear,PC,Nylon,POM,PCB (5-pin),Gold-Plated Spring,,78g,,4.00 mm
Hifi Fox Diamond Yellow Fruit,Linear,PC,Nylon,POM,PCB (5-pin),Stainless Steel Spring,37g,45g,1.90 mm,3.60 mm
HK Gaming MS-1 Pro Lake Blue,Linear,Nylon,Nylon,POM,PCB (5-pin),Stainless Steel Spring,,72g,2.00 mm,4.00 mm
HK Gaming MS-1 Pro Marlin Blue,Linear,Nylon,Nylon,POM,PCB (5-pin),Stainless Steel Spring,,67g,2.00 mm,4.00 mm
HK Gaming MS-1 Pro Sky Blue,Linear,Nylon,Nylon,POM,PCB (5-pin),Stainless Steel Spring,,62g,2.00 mm,4.00 mm
HMX Blue Topaz,Linear,PC,Nylon,LY,PCB (5-pin),22 mm Single-Stage Spring,40g,48g,2.00 mm,3.90 mm
HMX Canglan V2,Linear,Nylon,Nylon,T2,PCB (5-pin),20 mm Single-Stage Spring,42g,48g,2.00 mm,3.50 mm
HMX Caramel Pudding,Linear,Nylon,Nylon,UPE,PCB (5-pin),22 mm Single-Stage Spring,45g,52g,2.00 mm,3.60 mm
HMX Cheese,Linear,Nylon,Nylon,LY,PCB (5-pin),22 mm Single-Stage Spring,43g,46g,2.00 mm,3.50 mm
HMX Cloud - 50g,Linear,Nylon,Nylon,LY,PCB (5-pin),22 mm Single-Stage Spring,42g,50g,2.00 mm,3.90 mm
HMX Cloud - 63.5g,Linear,Nylon,Nylon,LY,PCB (5-pin),22 mm Single-Stage Spring,56g,63.5g,2.00 mm,3.90 mm
HMX Deep Navy,Linear,Nylon,Nylon,LY,PCB (5-pin),20 mm Single-Stage Spring,40g,45g,2.00 mm,3.60 mm
HMX EMO,Linear,PC,Nylon,LY,PCB (5-pin),22 mm Single-Stage Spring,40g,46g,2.00 mm,3.50 mm
HMX EVA,Linear,Nylon,Nylon,T2,PCB (5-pin),22 mm Single-Stage Spring,42g,48g,2.00 mm,3.60 mm
HMX Gachapon,Linear,Nylon,Nylon,T4,PCB (5-pin),22 mm Single-Stage KOS Extension Spring,45g,53g,2.00 mm,3.90 mm
HMX Glazed Jade,Linear,Nylon,Nylon,POM,PCB (5-pin),Stainless Steel Spring,45g,53g,1.80 mm,3.50 mm
HMX Gravel,Linear,PC,Nylon,POM,PCB (5-pin),22 mm Single-Stage Spring,45g,50g,2.00 mm,3.50 mm
HMX Hibiscus,Linear,Nylon,Nylon,T3,PCB (5-pin),20 mm Single-Stage Spring,42g,48g,2.00 mm,3.50 mm
HMX Ice Cendol,Linear,Nylon,Nylon,T2,PCB (5-pin),,,,,3.90 mm
HMX Jammy,Linear,Nylon,Nylon,POM,PCB (5-pin),22 mm Single-Stage Spring,57g,63g,2.00 mm,3.70 mm
HMX Lotus,Linear,Nylon,Nylon,POM,PCB (5-pin),22 mm Single-Stage Spring,45g,50g,2.00 mm,3.50 mm
HMX Lotus (Heavy),Linear,Nylon,Nylon,POM,PCB (5-pin),22 mm Single-Stage Spring,55g,62.5g,2.00 mm,3.50 mm
HMX Lucky,Linear,Nylon,Nylon,POM,PCB (5-pin),22 mm Two-Stage Spring,37g,43g,2.00 mm,3.80 mm
HMX Macchiato,Linear,Nylon,Nylon,POK,PCB (5-pin),20 mm Single-Stage Spring,42g,50g,2.00 mm,4.00 mm
HMX Pebble,Linear,PC,Nylon,POM,PCB (5-pin),22 mm Single-Stage Spring,45g,50g,2.00 mm,3.50 mm
HMX Perky,Linear,Nylon,Nylon,POM,PCB (5-pin),22 mm Single-Stage Spring,43g,50g,1.00 mm,3.40 mm
HMX Poro - 37g,Linear,Nylon,Nylon,LY,PCB (5-pin),22 mm Single-Stage Spring,37g,42g,2.00 mm,3.70 mm
HMX Poro - 45g,Linear,Nylon,Nylon,LY,PCB (5-pin),22 mm Single-Stage Spring,45g,50g,2.00 mm,3.70 mm
HMX Rainbow,Linear,PC,Nylon,POM,PCB (5-pin),22 mm Stainless Steel Spring,45g,48g,1.90 mm,3.50 mm
HMX Sakura Silent - 43g,Linear,Nylon,PC,POM,PCB (5-pin),22 mm Single-Stage Extension Spring,37g,43g,2.00 mm,4.00 mm
HMX Sakura Silent - 53g,Linear,Nylon,PC,POM,PCB (5-pin),22 mm Single-Stage Extension Spring,45g,53g,2.00 mm,4.00 mm
HMX Sillyworks Hyacinth V2,Linear,PC,Nylon,POM,PCB (5-pin),22 mm Single-Stage Korean Spring,45g,52g,1.90 mm,3.50 mm
HMX Sillyworks Hyacinth V2U,Linear,PC,Nylon,POM,PCB (5-pin),22 mm Single-Stage Spring,45g,52g,1.90 mm,3.90 mm
HMX Snow Crash,Linear,Nylon,Nylon,POM,PCB (5-pin),22 mm Single-Stage KOS Extension Spring,50g,58g,2.00 mm,4.00 mm
HMX Su,Linear,Nylon,Nylon,T5,PCB (5-pin),22 mm Single-Stage KOS Extension Spring,45g,50g,1.80 mm,3.60 mm
HMX Sunset Gleam,Linear,PC,Nylon,LY,PCB (5-pin),22 mm Single-Stage Spring,42g,48g,2.00 mm,3.50 mm
HMX Swift,Linear,P3,Nylon,LY,PCB (5-pin),22 mm Single-Stage Spring,42g,50g,2.00 mm,3.90 mm
HMX Vintage Citrus,Linear,Nylon,Nylon,T3,PCB (5-pin),22 mm Single-Stage Spring,48g,53g,1.00 mm,3.00 mm
HMX Xinhai,Linear,Nylon,Nylon,POM,PCB (5-pin),22 mm Single-Stage Spring,37g,45g,2.00 mm,3.40 mm
HMX Xinhai (Heavy),Linear,Nylon,Nylon,POM,PCB (5-pin),22 mm Single-Stage Spring,55g,62.5g,2.00 mm,3.40 mm
Homerow Co. Seriko Silent,Linear,,,POM,PCB (5-pin),Gold-Plated Spring,,67g,,3.80 mm
Homoo Sea Salt,Linear,PC,PC,POM,PCB (5-pin),Stainless Steel Spring,50g,60g,2.00 mm,4.00 mm
Homoo Sea Salt Silent,Linear,PC,PC,POM,PCB (5-pin),Stainless Steel Spring,50g,60g,2.00 mm,4.00 mm
Hori Edge,Linear,Nylon,Nylon,POM,Plate (3-pin),Stainless Steel Spring,55g,,1.50 mm,3.00 mm
HTMZ Blue,Clicky,PC,Nylon,POM,Plate (3-pin),Stainless Steel Spring,55g,,,
HTMZ Brown,Tactile,PC,Nylon,POM,Plate (3-pin),Stainless Steel Spring,45g,,,
HTMZ Pink,Linear,PC,Nylon,POM,Plate (3-pin),Stainless Steel Spring,,,,
Huano Acacia,Linear,PC,Nylon,POM,Plate (3-pin),22 mm Extension Spring,,45g,2.00 mm,3.50 mm
Huano American Rose Garden,Linear,PC,Nylon,POM,Plate (3-pin),Stainless Steel Spring,35g,45g,2.00 mm,4.00 mm
Huano Aries (Flaw Ver.),Linear,POK,POK,Mystery Material,PCB (5-pin),Stainless Steel Spring,42g,52g,2.00 mm,3.60 mm
Huano Black,Linear,PC,Nylon,POM,Plate (3-pin),Stainless Steel Spring,60g,,2.40 mm,
Huano Blue,Clicky,PC,Nylon,POM,Plate (3-pin),Stainless Steel Spring,50g,60g,2.00 mm,4.00 mm
Huano Blue V2,Clicky,PC,Nylon,POM,Plate (3-pin),Stainless Steel Spring,50g,,,
Huano Boiled Egg,Linear,PC,PC,POM,Plate (3-pin),Stainless Steel Spring,,40g,2.00 mm,4.00 mm
Huano Brown,Tactile,PC,Nylon,POM,Plate (3-pin),Stainless Steel Spring,60g,,,
Huano Caramel Latte,Linear,POK,Nylon,POM,PCB (5-pin),22 mm Single-Stage Spring,45g,55g,2.00 mm,3.60 mm
Huano Citrine V2,Linear,PC,Nylon,POM,PCB (5-pin),Stainless Steel Spring,45g,55g,2.00 mm,3.50 mm
Huano Conch Pearl V2,Linear,PC,Nylon,POM,PCB (5-pin),Stainless Steel Spring,33g,45g,1.30 mm,3.50 mm
Huano Cyan,Clicky,PC,Nylon,POM,Plate (3-pin),Stainless Steel Spring,60g,,,
Huano Diamond,Linear,PC,PC,POM,Plate (3-pin),Stainless Steel Spring,,45g,2.00 mm,4.00 mm
Huano Dust-Proof Black,Linear,PC,Nylon,POM,Plate (3-pin),Stainless Steel Spring,60g,,,
Huano Dust-Proof Brown,Tactile,PC,Nylon,POM,Plate (3-pin),Stainless Steel Spring,50g,,,
Huano Dust-Proof Pink,Clicky,PC,Nylon,POM,Plate (3-pin),Stainless Steel Spring,,,,
Huano Dust-Proof Red,Linear,PC,Nylon,POM,Plate (3-pin),Stainless Steel Spring,50g,,,
Huano Earth Yellow,Linear,PC,Nylon,POM,Plate (3-pin),Stainless Steel Spring,53g,73g,2.00 mm,3.80 mm
Huano Holy Tom,Tactile,PC,PC,POM,Plate (3-pin),Stainless Steel Spring,50g,62g,2.00 mm,3.30 mm
Huano Holy Tom Black and Yellow,Tactile,PC,PC,POM,Plate (3-pin),Stainless Steel Spring,50g,62g,2.00 mm,3.30 mm
Huano Holy Tom RT,Tactile,PC,PC,POM,Plate (3-pin),Stainless Steel Spring,50g,62g,2.00 mm,3.30 mm
Huano Lilac,Linear,PC,Nylon,POM,Plate (3-pin),Stainless Steel Spring,80g,,,
Huano Low Profile Brown,Tactile,PC,Nylon,POM,Plate (3-pin),Stainless Steel Spring,42g,55g,1.50 mm,3.10 mm
Huano Low Profile Red,Linear,PC,Nylon,POM,Plate (3-pin),Stainless Steel Spring,42g,52g,1.20 mm,3.10 mm
Huano Lunar New Year Fi,Linear,PC,Nylon,POM,Plate (3-pin),Stainless Steel,,50g,,4.00 mm
Huano Lunar New Year Hi,Linear,PC,Nylon,POM,Plate (3-pin),Stainless Steel,,50g,,4.00 mm
Huano Meow Claw V2,Linear,PC,Nylon,POM,Plate (3-pin),Stainless Steel Spring,45g,55g,,3.50 mm
Huano Milk Cream,Linear,PC,Nylon,POM,Plate (3-pin),Stainless Steel Spring,35g,,,
Huano Orange,Tactile,PC,Nylon,POM,Plate (3-pin),Stainless Steel Spring,55g,,,
Huano Pandora,Linear,PC,Nylon,POM,Plate (3-pin),21 mm Two-Stage Extension Spring,42g,,2.00 mm,4.00 mm
Huano Pineapple,Linear,PC,Nylon,POM,PCB (5-pin),Stainless Steel Spring,35g,45g,2.00 mm,4.00 mm
Huano Pink,Linear,PC,Nylon,POM,Plate (3-pin),Stainless Steel Spring,45g,60g,1.20 mm,4.00 mm
Huano Purple,Clicky,PC,Nylon,POM,Plate (3-pin),Stainless Steel Spring,70g,,,
Huano Qingdai V2,Linear,PC,Nylon,POM,PCB (5-pin),Stainless Steel Spring,50g,60g,2.00 mm,3.50 mm
Huano RAW,Linear,Nylon,Nylon,POM,PCB (5-pin),Single-Stage Spring,,5.25g,2.00 mm,3.80 mm
Huano Red,Linear,PC,Nylon,POM,Plate (3-pin),Stainless Steel Spring,45g,,,
Huano Red Flag,,PC,Nylon,POM,Plate (3-pin),21.5 mm Single-Stage Extension Spring,40g,50g,2.00 mm,
Huano Ring Nuo,Linear,PC,Nylon,POM,PCB (5-pin),22 mm Single-Stage Extension Spring,40g,50g,2.00 mm,3.60 mm
Huano Rose Latte,Linear,Nylon,Nylon,POM,PCB (5-pin),Stainless Steel Spring,37g,47g,2.00 mm,3.60 mm
Huano Silver,Linear,PC,Nylon,POM,Plate (3-pin),Stainless Steel Spring,45g,60g,1.20 mm,4.00 mm
Huano Smokey Pink,Linear,,,POM,Plate (3-pin),Stainless Steel Spring,60g,80g,2.00 mm,4.00 mm
Huano Smokey White,Tactile,,,POM,Plate (3-pin),Stainless Steel Spring,55g,65g,2.00 mm,3.30 mm
Huano Spirit Wind,Linear,PC,Nylon,POM,Plate (3-pin),Stainless Steel Spring,42g,50g,1.30 mm,3.30 mm
Huano Strawberry Jelly,Tactile,PC,PC,POM,Plate (3-pin),22 mm Stainless Steel Spring,,,,
Huano Strawberry Jelly V2,Linear,PC,Nylon,POM,Plate (3-pin),Stainless Steel Spring,,55g,2.00 mm,3.90 mm
Huano Strawberry Jelly V4,Linear,PC,Nylon,POM,Plate (3-pin),Stainless Steel Spring,43g,53g,1.30 mm,3.30 mm
Huano Tortoiseshell V2,Tactile,PC,Nylon,POM,PCB (5-pin),Stainless Steel Spring,45g,55g,2.50 mm,3.50 mm
Huano Turquoise,Linear,PC,Nylon,POM,Plate (3-pin),Stainless Steel Spring,31g,40g,2.00 mm,3.80 mm
Huano Turquoise V2,Linear,Nylon,Nylon,POM,Plate (3-pin),Stainless Steel Spring,31g,40g,2.00 mm,3.80 mm
Huano White,Clicky,PC,Nylon,POM,Plate (3-pin),Stainless Steel Spring,80g,,,
HyperX Aqua,Tactile,PC,Nylon,POM,PCB (5-pin),Stainless Steel Spring,45g,,1.80 mm,3.80 mm
HyperX Blue,Clicky,PC,Nylon,POM,PCB (5-pin),Stainless Steel Spring,50g,,1.80 mm,3.80 mm
HyperX Red,Linear,PC,Nylon,POM,PCB (5-pin),Stainless Steel Spring,40g,,1.80 mm,3.80 mm
Idobao Elf C2 Silent,Linear,PC,Nylon,POM,PCB (5-pin),Stainless Steel Spring,40g,,2.00 mm,3.70 mm
Idobao Elf T1,Tactile,PC,Nylon,POM,PCB (5-pin),Stainless Steel Spring,35g,,1.80 mm,3.70 mm
IKYEX Purple Rabbit,Tactile,PC,Nylon,POM,PCB (5-pin),22 mm Two-Stage Stainless Steel Spring,,53g,,3.10 mm
InfinityKey Cow POM Mango,Linear,POM,POM,POM,PCB (5-pin),Stainless Steel Spring,,63.5g,,3.14 mm
InfinityKey Cow POM Milk,Linear,POM,POM,POM,PCB (5-pin),Stainless Steel Spring,,63.5g,,3.14 mm
InfinityKey Cow POM Strawberry,Linear,POM,POM,POM,PCB (5-pin),Stainless Steel Spring,,63.5g,,3.14 mm
InfinityKey Cow POM Taro,Linear,POM,POM,POM,PCB (5-pin),Stainless Steel Spring,,63.5g,,3.14 mm
InfinityKey Cow UHMWPE Mango,Linear,POM,POM,UHMWPE,,Stainless Steel Spring,,63.5g,,3.69 mm
InfinityKey Cow UHMWPE Milk,Linear,POM,POM,UHMWPE,,Stainless Steel Spring,,63.5g,,3.69 mm
InfinityKey Cow UHMWPE Strawberry,Linear,POM,POM,UHMWPE,,Stainless Steel Spring,,63.5g,,3.69 mm
InfinityKey Cow UHMWPE Taro,Linear,POM,POM,UHMWPE,,Stainless Steel Spring,,63.5g,,3.69 mm
Invokeys Black Sesame,Linear,PC,Nylon,POM,PCB (5-pin),20 mm Single-Stage Extension Spring,,55g,,3.50 mm
Invokeys Black Sesame V2,Linear,PC,Nylon,POM,PCB (5-pin),20 mm Single-Stage Extension Spring,,63g,,3.30 mm
Invokeys Blueberry Chiffon,Tactile,PC,Nylon,POM,PCB (5-pin),Stainless Steel Spring,,60g,,3.50 mm
Invokeys Blueberry Chiffon V2,Tactile,PC,Nylon,POM,PCB (5-pin),Stainless Steel Spring,,60g,,3.30 mm
Invokeys Daydreamer Silent,Tactile,POK,Nylon,POM,PCB (5-pin),Stainless Steel Spring,,63.5g,,4.00 mm
Invokeys Matcha Latte V2,Linear,PC,Nylon,POM,PCB (5-pin),15 mm Stainless Steel Spring,,60g,,3.30 mm
Invokeys Nightshade Silent,Linear,POK,Nylon,POM,PCB (5-pin),Stainless Steel Spring,,63.5g,,4.00 mm
Invokeys Purple Rice,Linear,POM,Nylon,UPE,PCB (5-pin),Stainless Steel Spring,,52g,,3.30 mm
Invokeys Red Bean,Linear,POM,PBT,HPE,PCB (5-pin),Stainless Steel Spring,,55g,,4.00 mm
INVYR Holy Panda,Tactile,PC,Nylon,POM,PCB (5-pin),Stainless Steel Spring,,67g,2.00 mm,4.00 mm
IV Works Darmoon,Linear,HPE,HPE,POM,PCB (5-pin),22 mm Two-Stage Stainless Steel Spring,,63.5g,,3.90 mm
IXI Studio CTRL,Linear,PC,Nylon,POM,PCB (5-pin),20 mm Stainless Steel Extension Spring,40g,45g,2.00 mm,3.40 mm
Jarvis & JamesDonkey Silent,Linear,POK,Nylon,POM,Plate (3-pin),18 mm Extension Spring,47g,55g,2.00 mm,4.00 mm
Jerrzi Black,Linear,PC,PC,POM,Plate (3-pin),15 mm Stainless Steel Spring,60g,80g,2.00 mm,4.00 mm
Jerrzi Blue,Clicky,PC,PC,POM,Plate (3-pin),15 mm Stainless Steel Spring,50g,60g,2.00 mm,4.00 mm
Jerrzi Brown,Tactile,PC,PC,POM,Plate (3-pin),15 mm Stainless Steel Spring,45g,,2.00 mm,4.00 mm
Jerrzi Canglan,Linear,,,,PCB (5-pin),Stainless Steel Spring,45g,,2.00 mm,3.40 mm
Jerrzi Coral,Linear,PC,Nylon,POM,PCB (5-pin),Stainless Steel Spring,40g,55g,2.00 mm,3.70 mm
Jerrzi Dustproof Pink,Linear,PC,,,Plate (3-pin),Stainless Steel Spring,40g,53g,2.00 mm,4.00 mm
Jerrzi Dustproof White,Linear,PC,,,Plate (3-pin),Stainless Steel Spring,37g,45g,2.00 mm,4.00 mm
Jerrzi Dustproof Yellow,Linear,PC,,,Plate (3-pin),Stainless Steel Spring,45g,60g,2.00 mm,4.00 mm
Jerrzi Fortune,Linear,POM,POM,POM,PCB (5-pin),Stainless Steel Spring,42g,,1.60 mm,3.40 mm
Jerrzi Honey Bean Silent,Linear,POM,POM,LY,PCB (5-pin),Stainless Steel Spring,42g,55g,2.00 mm,3.70 mm
Jerrzi Kyria Brown,Tactile,PC,Nylon,POM,PCB (5-pin),Stainless Steel Spring,40g,60g,2.00 mm,3.40 mm
Jerrzi Kyria Pink,Linear,PC,Nylon,POM,PCB (5-pin),Stainless Steel Spring,37g,50g,2.00 mm,3.70 mm
Jerrzi Kyria Red,Linear,PC,Nylon,POM,PCB (5-pin),Stainless Steel Spring,45g,57g,2.00 mm,3.70 mm
Jerrzi Kyria Silver,Linear,PC,Nylon,POM,PCB (5-pin),Stainless Steel Spring,45g,55g,1.20 mm,3.40 mm
Jerrzi Kyria White,Linear,PC,Nylon,POM,PCB (5-pin),Stainless Steel Spring,40g,50g,2.00 mm,3.70 mm
Jerrzi Kyria Yellow,Linear,PC,Nylon,POM,PCB (5-pin),Stainless Steel Spring,45g,60g,2.00 mm,3.70 mm
Jerrzi Lotus,Linear,POM,POM,POM,PCB (5-pin),Stainless Steel Spring,42g,50g,2.00 mm,3.40 mm
Jerrzi Lotus V2 - 40g,Linear,POM,POM,POM,PCB (5-pin),Stainless Steel Spring,40g,45g,2.00 mm,3.40 mm
Jerrzi Lotus V2 - 45g,Linear,POM,POM,POM,PCB (5-pin),Stainless Steel Spring,45g,50g,2.00 mm,3.40 mm
Jerrzi Low Profile Brown,Tactile,PC,Nylon,POM,PCB (5-pin),Stainless Steel Spring,45g,55g,1.50 mm,3.20 mm
Jerrzi Low Profile Red,Linear,PC,Nylon,POM,PCB (5-pin),Stainless Steel Spring,45g,50g,1.20 mm,3.20 mm
Jerrzi Mingyu Silent,Linear,PC,PC,POM,PCB (5-pin),Stainless Steel Spring,34g,45g,2.00 mm,3.70 mm
Jerrzi Nezuko,Tactile,Nylon,Nylon,POM,PCB (5-pin),Stainless Steel Spring,55g,60g,2.00 mm,3.80 mm
Jerrzi Orange,Linear,PC,Nylon,POM,PCB (5-pin),Stainless Steel Spring,37g,50g,2.00 mm,3.70 mm
Jerrzi Paradox,Linear,Nylon,Nylon,Nylon,PCB (5-pin),Stainless Steel Spring,40g,45g,2.00 mm,3.40 mm
Jerrzi Poseidon,Linear,POM,POM,POM,PCB (5-pin),Stainless Steel Spring,40g,45g,1.60 mm,3.40 mm
Jerrzi Red,Linear,PC,PC,POM,Plate (3-pin),15 mm Stainless Steel Spring,45g,60g,2.00 mm,4.00 mm
Jerrzi Rouge,Linear,POM,POM,POK,PCB (5-pin),22 mm Stainless Steel Extension Spring,45g,53g,,3.40 mm
Jerrzi Salt Ice,Linear,PC,PC,POM,PCB (5-pin),Stainless Steel Spring,45g,55g,2.00 mm,3.40 mm
Jerrzi Seashell,Linear,PC,Nylon,POM,PCB (5-pin),Stainless Steel Spring,45g,55g,1.20 mm,3.40 mm
Jerrzi Similar Blue,Clicky,PC,PC,POM,Plate (3-pin),15 mm Stainless Steel Spring,45g,60g,2.20 mm,4.00 mm
Jerrzi Snow Cloud,Linear,Nylon,Nylon,POM,PCB (5-pin),20 mm Stainless Steel Spring,40g,45g,2.00 mm,3.40 mm
Jerrzi Sweet Lori,Linear,POM,POM,POK,PCB (5-pin),22 mm Two-Stage Gold-Plated Spring,44g,52g,,
Jerrzi Tactile,Tactile,PC,PC,POM,PCB (5-pin),Stainless Steel Spring,40g,50g,2.50 mm,3.40 mm
Jerrzi Tu,Linear,POM,POM,POK,PCB (5-pin),22 mm Stainless Steel Spring,,65g,2.00 mm,3.70 mm
Jerrzi Violet,Tactile,PC,Nylon,POM,PCB (5-pin),Stainless Steel Spring,45g,60g,2.00 mm,3.70 mm
Jerrzi Wind Rain,Linear,,,,PCB (5-pin),Stainless Steel Spring,40g,,1.60 mm,3.40 mm
Jerrzi Wisteria Flower,Linear,POM,POM,POM,PCB (5-pin),22 mm Two-Stage Extension Spring,42g,53g,2.00 mm,3.40 mm
Jerrzi XCJZ,Tactile,POM,POM,POM,PCB (5-pin),16 mm Stainless Steel Spring,45g,60g,1.90 mm,4.00 mm
Jerrzi Yellow,Linear,PC,PC,POM,Plate (3-pin),15 mm Stainless Steel Spring,45g,60g,2.00 mm,4.00 mm
Jerrzi Yellow Ring,Linear,POM,POM,POM,PCB (5-pin),22 mm Two-Stage Stainless Spring,42g,53g,2.00 mm,3.40 mm
Jerrzi Zoom65,Linear,PC,Nylon,POM,PCB (5-pin),Stainless Steel Spring,,63.5g,,
Jiate Dustproof Black,Linear,PC,Nylon,POM,Plate (3-pin),Stainless Steel Spring,60g,,,
Jixian Black,Linear,PC,Nylon,POM,Plate (3-pin),Stainless Steel Spring,,,,
Jixian Blue,Clicky,PC,Nylon,POM,Plate (3-pin),Stainless Steel Spring,45g,,,
Jixian Brown,Tactile,PC,Nylon,POM,Plate (3-pin),Stainless Steel Spring,,,,
Jixian Dustproof Blue,Clicky,PC,Nylon,POM,Plate (3-pin),Stainless Steel Spring,45g,,,
Jixian Holy Dog,Linear,,,,Plate (3-pin),Stainless Steel Spring,,,,
Jixian Purple Cow,,,,,,Stainless Steel Spring,,,,
Jixian Red,Linear,PC,Nylon,POM,Plate (3-pin),Stainless Steel Spring,,,,
Jixian White V2,Linear,PC,Nylon,POM,PCB (5-pin),Stainless Steel Spring,,,,
Jixian White V3,Linear,PC,Nylon,POM,PCB (5-pin),Stainless Steel Spring,42g,50g,1.30 mm,3.00 mm
Jixian Yellow,Linear,PC,Nylon,POM,Plate (3-pin),Stainless Steel Spring,,,,
JKDK Crimson Silent,Tactile,,,,PCB (5-pin),Stainless Steel Spring,45g,60g,2.00 mm,3.70 mm
JKDK Gentle Lucy Silent V2,Linear,POK,Nylon,POM,PCB (5-pin),17 mm Japanese-Style Fine Wire Spring,49g,58g,2.00 mm,3.80 mm
JKeys Mint Chocolate Chip POM,Tactile,POM,POM,,PCB (5-pin),Stainless Steel Spring,,63.5g,,
JKLP Holy Panda,Tactile,Nylon,Nylon,POM,PCB (5-pin),Stainless Steel Spring,,,,
Joininkeys Jade Rabbit,Linear,PC,Nylon,P3,PCB (5-pin),18 mm Gold-Plated Spring,45g,60g,2.00 mm,3.50 mm
Joininkeys Midnight Blue,Linear,POM,POM,UPE,PCB (5-pin),Two-Stage Stainless Steel Spring,50g,60g,2.00 mm,3.50 mm
JOJO Studio Linear,Linear,PC,Nylon,POM,Plate (3-pin),20 mm Stainless Steel Spring,,40g,1.60 mm,3.50 mm
JTK Dreaming Girl Usagi,Linear,PC,Nylon,UHMWPE,PCB (5-pin),Stainless Steel Spring,55g,,,4.00 mm
Junkfood Arcade Choc Amber,Linear,PC,Nylon,POM,PCB (5-pin),Stainless Steel Spring,45g,,1.00 mm,
JWH Blue,Clicky,PC,Nylon,POM,Plate (3-pin),Stainless Steel Spring,45g,,,
JWH Dustproof Blue,Clicky,PC,Nylon,POM,Plate (3-pin),Stainless Steel Spring,45g,,,
JWH Dustproof Blue V2,Clicky,PC,Nylon,POM,Plate (3-pin),Stainless Steel Spring,45g,,,
JWH Optical Blue,Clicky,PC,Nylon,POM,,Stainless Steel Spring,45g,,,
JWK Aloe,Tactile,PC,PC,,PCB (5-pin),Stainless Steel Spring,,67g,2.00 mm,4.00 mm
JWK Alpaca,Linear,PC,Nylon,POM,PCB (5-pin),Stainless Steel Spring,41g,54g,1.80 mm,3.90 mm
JWK Alpaca Silent,Linear,PC,Nylon,POM,PCB (5-pin),Stainless Steel Spring,41g,54g,1.80 mm,3.90 mm
JWK Alpaca V2,Linear,PC,Nylon,POM,PCB (5-pin),Stainless Steel Spring,41g,62g,1.80 mm,3.90 mm
JWK ALS,Linear,Nylon,Nylon,POM,PCB (5-pin),20 mm Single-Stage Stainless Steel Spring,,62g,,4.00 mm
JWK Autumn Rain,Linear,Nylon,Nylon,P3,PCB (5-pin),Stainless Steel Extension Spring,,63.5g,2.00 mm,3.70 mm
JWK Balance Blue,Linear,Nylon,Nylon,P3,PCB (5-pin),Stainless Steel Spring,48.5g,63.5g,2.00 mm,3.80 mm
JWK Balance Pink,Linear,Nylon,Nylon,P3,PCB (5-pin),Stainless Steel Spring,48.5g,63.5g,2.00 mm,3.80 mm
JWK Black Blue V2,Tactile,PC,,POM,PCB (5-pin),Stainless Steel Spring,50g,67g,,
JWK Black Linear V2,Linear,Nylon,Nylon,POM,PCB (5-pin),13 mm Spring,58.5g,63.5g,2.00 mm,4.00 mm
JWK Black T1,Tactile,Nylon,Nylon,POM,PCB (5-pin),Stainless Steel Spring,55g,67g,2.00 mm,4.00 mm
JWK Blue Lotus,Linear,Nylon,Nylon,UPE,PCB (5-pin),20 mm Two-Stage Gold-Plated Spring,45g,60g,2.00 mm,3.70 mm
JWK Bluey,Linear,Nylon,Nylon,P3,PCB (5-pin),18.5 mm Extension Spring,,58g,,
JWK C Black,Linear,PC,Nylon,POM,PCB (5-pin),Stainless Steel Spring,42g,58.5g,2.00 mm,4.00 mm
JWK C Black V2,Linear,PC,,POM,PCB (5-pin),Stainless Steel Spring,42g,58.5g,,
JWK C Black V2,Linear,PC,Nylon,POM,PCB (5-pin),Stainless Steel Spring,42g,58.5g,2.00 mm,4.00 mm
JWK Carol,Linear,PC,Nylon,POM,PCB (5-pin),20 mm Stainless Steel Spring,50g,57g,,
JWK Cola,Linear,POM,POM,P3,PCB (5-pin),Gold-Plated Spring,,58g,2.00 mm,3.70 mm
JWK Crane,Tactile,Nylon,Nylon,POM,PCB (5-pin),Gold-Plated Spring,,67g,,
JWK CW,Linear,Nylon,Nylon,P3,PCB (5-pin),Stainless Steel Spring,,,,
JWK Devoted,Tactile,Nylon,Nylon,POM,PCB (5-pin),Stainless Steel Spring,,63.5g,,4.00 mm
JWK DIE FOR ME,Linear,Nylon,Nylon,UHMWPE,PCB (5-pin),Stainless Steel Spring,48g,55g,,3.70 mm
JWK Dogikon,Linear,,,,PCB (5-pin),Stainless Steel Spring,,63.5g,,
JWK Endless Summer,Linear,UPE,Nylon,LY,PCB (5-pin),20 mm Stainless Steel Extension Spring,,62g,2.00 mm,3.70 mm
JWK F1,Linear,Nylon,Nylon,POM,PCB (5-pin),Stainless Steel,,,,4.00 mm
JWK Fallen Sakura,Linear,POM,POM,P3,PCB (5-pin),20 mm Single-Stage Gold-Plated Extension Spring,,60g,2.00 mm,3.70 mm
JWK Ginger Milk,Linear,PC,Nylon,POM,PCB (5-pin),Stainless Steel Spring,50g,63.5g,2.00 mm,3.70 mm
JWK Ice White,Linear,PC,Nylon,POM,PCB (5-pin),Stainless Steel Spring,,45g,2.00 mm,4.00 mm
JWK Iced Matcha,Tactile,PC,PC,POM,PCB (5-pin),Two-Stage Gold-Plated Spring,,68g,,4.00 mm
JWK Illusion,Linear,PC,Nylon,LY,PCB (5-pin),Two-Stage Gold-Plated Extension Spring,45g,53g,1.20 mm,3.70 mm
JWK Jungle,Linear,PC,Nylon,POM,PCB (5-pin),Gold-Plated Spring,45g,62g,,
JWK Lil’ Tyke,Linear,PC,Nylon,POM,PCB (5-pin),Gold-Plated Spring,,67g,,
JWK Lila,Linear,Nylon,Nylon,LY,PCB (5-pin),Stainless Steel Spring,,63.5g,2.00 mm,3.70 mm
JWK Matcha,Linear,PC,Nylon,POM,PCB (5-pin),Stainelss Steel Spring,49g,68g,,
JWK Mauve,Linear,Nylon,Nylon,POM,PCB (5-pin),Stainless Steel Spring,,60g,,
JWK Momei,Linear,PC,PC,POM,PCB (5-pin),Gold-Plated Spring,,62g,,
JWK Ms. Piggy,Linear,Nylon,Nylon,POM,PCB (5-pin),20 mm Stainless Steel Spring,,62g,,
JWK Nebula,Linear,Nylon,Nylon,LY,PCB (5-pin),Stainless Steel Extension Spring,48g,63.5g,,
JWK Nylon Black - 58.5g,Linear,Nylon,Nylon,POM,PCB (5-pin),Stainless Steel Spring,,58.5g,2.00 mm,4.00 mm
JWK Nylon Black - 63.5g,Linear,Nylon,Nylon,POM,PCB (5-pin),Stainless Steel Spring,,63.5g,2.00 mm,4.00 mm
JWK Pewter,Tactile,UHMWPE,UHMWPE,POM,PCB (5-pin),Gold-Plated Spring,,58.5g,2.00 mm,4.00 mm
JWK Pink Jade,Linear,PC,Nylon,POM,PCB (5-pin),Stainless Steel Spring,48g,62g,2.00 mm,3.80 mm
JWK Poi Milk Purple,Tactile,Nylon,Nylon,POM,PCB (5-pin),14 mm Stainless Steel Spring,55g,70g,2.00 mm,3.70 mm
JWK Pointworks Purple,Linear,PC,PC,P3,PCB (5-pin),Three-Stage Gold-Plated Spring,50g,63.5g,2.00 mm,3.70 mm
JWK Prince,Tactile,PC,PC,POM,PCB (5-pin),Stainless Steel Spring,50g,69g,2.00 mm,4.00 mm
JWK Prism,Linear,Nylon,Nylon,LY,PCB (5-pin),Stainless Steel Spring,45g,55g,2.00 mm,3.80 mm
JWK Qingsi,Linear,PC,Nylon,POK,PCB (5-pin),20 mm Gold-Plated Spring,53g,65g,2.00 mm,4.00 mm
JWK Red,Linear,PC,Nylon,POM,PCB (5-pin),Stainless Steel Spring,42g,60g,2.00 mm,4.00 mm
JWK Seal,Linear,PC,Nylon,POM,PCB (5-pin),Gold-Plated Spring,,78g,,
JWK Semi-Silent,Linear,PC,Nylon,POM,PCB (5-pin),Stainless Steel Spring,,62g,2.00 mm,3.70 mm
JWK Shōgoki,Tactile,PC,Nylon,POM,PCB (5-pin),Stainless Steel Spring,,65g,,
JWK Snow White,Linear,PC,Nylon,POM,PCB (5-pin),Stainless Steel Spring,,64g,,
JWK Splash Brothers,Linear,PC,Nylon,POM,PCB (5-pin),Extension Spring,,48g,1.00 mm,3.50 mm
JWK T1 Transparent Top,Tactile,PC,Nylon,POM,PCB (5-pin),Stainless Steel Spring,55g,67g,2.00 mm,4.00 mm
JWK Taro,Tactile,PC,Nylon,POM,PCB (5-pin),Stainless Steel Spring,,67g,2.00 mm,3.70 mm
JWK Taro Ball,Tactile,PC,Nylon,POM,PCB (5-pin),Gold-Plated Spring,,65g,,
JWK Tinglan,Linear,,,,PCB (5-pin),Stainless Steel Spring,,52g,,
JWK Tropical,Linear,PC,Nylon,POM,PCB (5-pin),Gold-Plated Spring,,63.5g,,
JWK Twilight,Tactile,PC,Nylon,POM,PCB (5-pin),Stainless Steel Spring,,67g,,4.00 mm
JWK Ultimate Black - 58.5g,Linear,PC,Nylon,POM,PCB (5-pin),Stainless Steel Spring,,58.5g,2.00 mm,4.00 mm
JWK Ultimate Black - 63.5g,Linear,PC,Nylon,POM,PCB (5-pin),Stainless Steel Spring,,63.5g,2.00 mm,4.00 mm
JWK White,Linear,PC,Nylon,POM,PCB (5-pin),Stainless Steel Spring,32g,37g,2.00 mm,4.00 mm
JWK Yellow,Linear,PC,Nylon,POM,PCB (5-pin),Stainless Steel Spring,48g,65g,2.00 mm,4.00 mm
JWK ZiYuan,Linear,Nylon,Nylon,P3,PCB (5-pin),18 mm Stainless Steel Spring,42g,55g,2.00 mm,4.00 mm
Kaiche Blue,Clicky,Nylon,Nylon,POM,Plate (3-pin),Stainless Steel Spring,70g,,,
Kaicheng Black,Linear,PC,Nylon,POM,Plate (3-pin),Stainless Steel Spring,,80g,2.00 mm,4.00 mm
Kaicheng Blue,Clicky,PC,Nylon,POM,Plate (3-pin),Stainless Steel Spring,,60g,2.00 mm,4.00 mm
Kaicheng Brown,Tactile,PC,Nylon,POM,Plate (3-pin),Stainless Steel Spring,,60g,2.00 mm,4.00 mm
Kaicheng Green,Linear,PC,Nylon,POM,Plate (3-pin),Stainless Steel Spring,,90g,2.00 mm,4.00 mm
Kaicheng Red,Linear,PC,Nylon,POM,Plate (3-pin),Stainless Steel Spring,,60g,2.00 mm,4.00 mm
Kailh Apes Time Bullet,Clicky,PC,POM,POM,PCB (5-pin),Stainless Steel Extension Spring,45g,55g,,3.80 mm
Kailh Apes Time Chimp Silent,Linear,POM,POM,POM,PCB (5-pin),Stainless Steel Extension Spring,45g,55g,,3.50 mm
Kailh Ashen,Linear,POM,Nylon,POM,PCB (5-pin),Stainless Steel Spring,45g,55g,,3.60 mm
Kailh BCP,Linear,Nylon,Nylon,POM,PCB (5-pin),20 mm Single-Stage Spring,52g,63.5g,1.40 mm,3.50 mm
Kailh Black,Linear,Nylon,Nylon,POM,Plate (3-pin),20.5 mm Spring,,60g,1.90 mm,4.00 mm
Kailh Blue,Clicky,PC,Nylon,POM,Plate (3-pin),Stainless Steel Spring,50g,70g,1.90 mm,4.00 mm
Kailh Box Ancient Grey,Linear,PC,Nylon,POM,Plate (3-pin),Stainless Steel Spring,95g,110g,1.80 mm,3.60 mm
Kailh Box Aurora Ice Cream Pro,Linear,,,POM,PCB (5-pin),20 mm Stainless Steel Spring,40g,,1.40 mm,3.50 mm
Kailh Box Autumn,Clicky,PC,PC,POM,PCB (5-pin),Stainless Steel Spring,50g,55g,1.80 mm,3.60 mm
Kailh Box Avocado Ice Cream Pro,Linear,,,POM,PCB (5-pin),20 mm Stainless Steel Spring,39g,,1.80 mm,3.50 mm
Kailh Box Black,Linear,PC,Nylon,POM,PCB (5-pin),Stainless Steel Spring,60g,75g,1.80 mm,3.60 mm
Kailh Box Blackberry Ice Cream Pro,Linear,,,POM,PCB (5-pin),20 mm Stainless Steel Spring,45g,,1.70 mm,3.50 mm
Kailh Box Blueberry Ice Cream,Linear,POM,POM,POM,PCB (5-pin),Stainless Steel Spring,40g,,1.00 mm,3.50 mm
Kailh Box Brown,Tactile,PC,Nylon,POM,PCB (5-pin),Stainless Steel Spring,45g,60g,2.00 mm,3.60 mm
Kailh Box Brown Silent,Tactile,PC,Nylon,POM,Plate (3-pin),Stainless Steel Spring,4g,65g,1.80 mm,3.60 mm
Kailh Box Brown V2,Tactile,PC,Nylon,POM,PCB (5-pin),Stainless Steel Spring,45g,75g,2.00 mm,3.60 mm
Kailh Box Burnt Orange,Tactile,PC,Nylon,POM,Plate (3-pin),Stainless Steel Spring,60g,80g,2.00 mm,
Kailh Box Cheese,Linear,,,,Plate (3-pin),Stainless Steel Spring,45g,,,
Kailh Box Chinese Red,Linear,PC,Nylon,POM,Plate (3-pin),Stainless Steel Spring,45g,60g,1.80 mm,3.60 mm
Kailh Box Coco Pink V2,Linear,PC,PC,POM,Plate (3-pin),Stainless Steel Spring,40g,50g,1.80 mm,3.60 mm
Kailh Box Coconut Latte,Linear,,,POM,Plate (3-pin),Stainelss Steel Spring,45g,,1.80 mm,3.60 mm
Kailh Box Crystal - 62g,Tactile,PC,PC,POM,PCB (5-pin),Stainless Steel Spring,62g,67g,,
Kailh Box Crystal - 67g,Tactile,PC,PC,POM,PCB (5-pin),Stainless Steel Spring,67g,72g,,
Kailh Box Crystal Jade,Clicky,PC,PC,POM,PCB (5-pin),Stainless Steel Spring,55g,75g,,3.60 mm
Kailh Box Crystal Navy,Clicky,PC,PC,POM,PCB (5-pin),Stainless Steel Spring,60g,90g,,3.60 mm
Kailh Box Crystal Pink,Clicky,PC,PC,POM,PCB (5-pin),Stainless Steel Spring,65g,55g,,3.60 mm
Kailh Box Crystal Robin,Tactile,PC,PC,POM,Plate (3-pin),Stainless Steel Spring,40g,70g,1.80 mm,3.60 mm
Kailh Box Crystal Royal,Tactile,PC,PC,POM,Plate (3-pin),Stainless Steel Spring,45g,75g,1.80 mm,3.60 mm
Kailh Box Dark Yellow,Linear,PC,Nylon,POM,Plate (3-pin),Stainless Steel Spring,70g,80g,1.80 mm,3.60 mm
Kailh Box Deep Sea Islet Silent,Linear,PC,Nylon,POM,Plate (3-pin),Stainless Steel Spring,45g,55g,1.80 mm,3.60 mm
Kailh Box Deep Sea Whale Silent,Tactile,PC,Nylon,POM,Plate (3-pin),Stainless Steel Spring,40g,60g,2.00 mm,3.60 mm
Kailh Box Fried Egg V2 Silent,Linear,POM,POM,POM,PCB (5-pin),12.8 mm Stainless Steel Spring,42g,60g,1.80 mm,3.60 mm
Kailh Box Glazed Green,Clicky,PC,Nylon,POM,Plate (3-pin),Stainless Steel Spring,50g,55g,1.80 mm,3.60 mm
Kailh Box Hako Clear,Tactile,PC,PC,POM,Plate (3-pin),Stainless Steel Spring,63g,75g,,
Kailh Box Hako Royal Clear,Tactile,PC,Nylon,POM,Plate (3-pin),Stainless Steel Spring,85g,85g,1.80 mm,3.60 mm
Kailh Box Hako Royal True,Tactile,PC,Nylon,POM,Plate (3-pin),Stainless Steel Spring,60g,85g,1.80 mm,3.60 mm
Kailh Box Hako True,Tactile,PC,PC,POM,Plate (3-pin),Stainless Steel Spring,59g,95g,,
Kailh Box Hako Violet,Tactile,PC,PC,POM,Plate (3-pin),Stainless Steel Spring,40g,50g,,
Kailh Box Heavy Burnt Orange,Tactile,PC,Nylon,POM,Plate (3-pin),Stainless Steel Spring,60g,80g,2.00 mm,3.60 mm
Kailh Box Heavy Dark Yellow,Linear,PC,Nylon,POM,Plate (3-pin),Stainless Steel Spring,70g,80g,1.80 mm,3.60 mm
Kailh Box Heavy Pale Blue,Clicky,PC,Nylon,POM,Plate (3-pin),Stainless Steel Spring,60g,70g,1.80 mm,3.60 mm
Kailh Box Hush V3 Silent,Linear,Nylon,Nylon,POM,Plate (3-pin),Stainless Steel Spring,50g,,1.80 mm,3.60 mm
Kailh Box Ice Berry Cream Pro,Linear,POM,POM,POM,PCB (5-pin),20 mm Stainless Steel Extension Spring,40g,50g,1.00 mm,3.50 mm
Kailh Box Ice Cream Pro,Linear,,,POM,PCB (5-pin),Stainless Steel Spring,45g,,1.70 mm,4.00 mm
Kailh Box Ice Mint,Linear,POM,POM,POM,PCB (5-pin),Stainless Steel Spring,45g,,1.60 mm,3.60 mm
Kailh Box Jade,Clicky,PC,Nylon,POM,Plate (3-pin),Stainless Steel Spring,50g,75g,1.80 mm,3.60 mm
Kailh Box Jellyfish X,Clicky,PC,PC,Nylon,PCB (5-pin),Stainless Steel Spring,47g,57g,1.80 mm,3.60 mm
Kailh Box Jellyfish Y,Linear,PC,PC,Nylon,PCB (5-pin),Stainless Steel Spring,50g,60g,1.80 mm,3.60 mm
Kailh Box Marshmallow,Linear,PC,PC,POM,PCB (5-pin),Stainless Steel Spring,39g,55g,1.70 mm,4.00 mm
Kailh Box Marshmallow,Tactile,PC,PC,POM,PCB (5-pin),Stainless Steel Spring,38g,55g,2.00 mm,3.40 mm
Kailh Box Marshmallow,Clicky,PC,PC,POM,PCB (5-pin),Stainless Steel Spring,50g,55g,1.80 mm,3.60 mm
Kailh Box Mute Jade,Clicky,PC,Nylon,POM,PCB (5-pin),Stainless Steel Spring,75g,82g,1.80 mm,3.60 mm
Kailh Box Navy,Clicky,PC,Nylon,POM,Plate (3-pin),Stainless Steel Spring,75g,95g,1.80 mm,3.60 mm
Kailh Box Night Firefly,Clicky,PC,PC,PC,PCB (5-pin),Stainless Steel Spring,50g,60g,1.80 mm,3.60 mm
Kailh Box Noble Yellow,Clicky,PC,Nylon,POM,Plate (3-pin),Stainless Steel Spring,55g,60g,1.80 mm,3.60 mm
Kailh Box Pale Blue,Clicky,PC,Nylon,POM,Plate (3-pin),Stainless Steel Spring,60g,80g,1.80 mm,3.60 mm
Kailh Box Pink,Clicky,PC,Nylon,POM,Plate (3-pin),Stainless Steel Spring,55g,65g,1.80 mm,3.60 mm
Kailh Box Pink Silent,Linear,PC,Nylon,POM,Plate (3-pin),Stainless Steel Spring,35g,45g,,3.60 mm
Kailh Box Pink Unicorn,Linear,POM,POM,POM,PCB (5-pin),18 mm Stainless Steel Spring,50g,63.5g,2.00 mm,4.00 mm
Kailh Box Pixel L,Linear,Nylon,Nylon,POM,PCB (5-pin),Stainless Steel Spring,40g,,1.80 mm,3.90 mm
Kailh Box Pixel T,Tactile,Nylon,Nylon,POM,PCB (5-pin),Stainless Steel Spring,45g,,2.00 mm,3.90 mm
Kailh Box Plastic,Linear,PC,Nylon,POM,PCB (5-pin),Stainless Steel Spring,38g,,1.80 mm,3.60 mm
Kailh Box Qucksand Gold,Tactile,PC,Nylon,POM,Plate (3-pin),Stainless Steel Spring,45g,60g,1.80 mm,3.60 mm
Kailh Box Raspberry Ice Cream Pro,Linear,,,POM,PCB (5-pin),20 mm Stainless Steel Spring,40g,,1.00 mm,3.50 mm
Kailh Box Red,Linear,PC,Nylon,POM,PCB (5-pin),Stainless Steel Spring,45g,60g,1.80 mm,3.60 mm
Kailh Box Red Bean Pudding,Linear,PC,POM,POM,PCB (5-pin),Stainless Steel Spring,45g,60g,1.80 mm,3.60 mm
Kailh Box Red Pro,Linear,PC,Nylon,POM,Plate (3-pin),Stainless Steel Spring,35g,,1.80 mm,3.60 mm
Kailh Box Red V2,Linear,PC,Nylon,POM,PCB (5-pin),Stainless Steel Spring,40g,50g,1.80 mm,3.60 mm
Kailh Box Rosa,Linear,PC,PC,POM,Plate (3-pin),Stainless Steel Spring,38g,55g,1.80 mm,3.60 mm
Kailh Box Rose Silent,Linear,PC,Nylon,POM,Plate (3-pin),Stainless Steel Spring,35g,45g,1.80 mm,3.60 mm
Kailh Box Royal,Tactile,PC,Nylon,POM,Plate (3-pin),Stainless Steel Spring,45g,70g,1.80 mm,3.60 mm
Kailh Box Sky Blue,Clicky,PC,Nylon,POM,Plate (3-pin),Stainless Steel Spring,45g,55g,1.80 mm,3.60 mm
Kailh Box Sonic53 Silent,Linear,PC,Nylon,POM,PCB (5-pin),Stainless Steel Spring,45g,,1.20 mm,4.00 mm
Kailh Box Spring,Linear,PC,PC,POM,PCB (5-pin),Stainless Steel Spring,40g,,1.60 mm,3.30 mm
Kailh Box Starry Sky Night,Linear,PC,PC,POM,PCB (5-pin),20 mm Stainless Steel Spring,40g,50g,1.90 mm,4.00 mm
Kailh Box Starry Sky Night V2,Linear,PC,PC,POM,PCB (5-pin),20 mm Stainless Steel Spring,40g,50g,1.90 mm,3.60 mm
Kailh Box Strawberry Ice Cream,Linear,POM,POM,POM,PCB (5-pin),Stainless Steel Spring,37g,,1.70 mm,4.00 mm
Kailh Box Summer,Clicky,PC,PC,POM,PCB (5-pin),Stainless Steel Spring,50g,55g,1.80 mm,3.60 mm
Kailh Box Sun,Clicky,PC,PC,POM,Plate (3-pin),Stainless Steel Spring,45g,60g,1.90 mm,3.80 mm
Kailh Box Taro Ice Cream Pro,Linear,,,POM,PCB (5-pin),20 mm Stainless Steel Spring,37g,,1.30 mm,3.50 mm
Kailh Box Tea Ice Cream,Tactile,POM,POM,POM,PCB (5-pin),19 mm Stainless Steel Spring,37g,50g,2.00 mm,3.60 mm
Kailh Box White,Clicky,PC,Nylon,POM,Plate (3-pin),Kailh Box Spring,50g,60g,1.80 mm,3.60 mm
Kailh Box White Owl,Clicky,PC,POM,POM,PCB (5-pin),Stainless Steel Spring,46g,70g,1.80 mm,3.60 mm
Kailh Box White V2,Clicky,PC,Nylon,POM,Plate (3-pin),Kailh Box Spring,45g,55g,1.80 mm,3.60 mm
Kailh Box Winter,Tactile,PC,POM,POM,PCB (5-pin),Stainless Steel Spring,38g,55g,2.00 mm,3.60 mm
Kailh Brown,Tactile,PC,Nylon,POM,Plate (3-pin),Stainless Steel Spring,50g,65g,1.90 mm,4.00 mm
Kailh Canary,Tactile,POM,POM,POM,PCB (5-pin),Stainless Steel Spring,42g,70g,2.00 mm,4.00 mm
Kailh Cardamom,Linear,PC,Nylon,POM,PCB (5-pin),Stainless Steel Spring,45g,55g,1.90 mm,3.50 mm
Kailh Choc Mini Black Low Profile,Linear,PC,Nylon,POM,PCB (5-pin),Stainless Steel Spring,50g,65g,1.20 mm,2.40 mm
Kailh Choc Mini Brown Low Profile,Tactile,PC,Nylon,POM,PCB (5-pin),Stainless Steel Spring,50g,60g,1.20 mm,2.40 mm
Kailh Choc Mini White Low Profile,Clicky,PC,Nylon,POM,PCB (5-pin),Stainless Steel Spring,50g,60g,1.20 mm,2.40 mm
Kailh Choc Pro Pink Low Profile,Linear,PC,Nylon,POM,PCB (5-pin),Stainless Steel Spring,20g,,1.50 mm,3.00 mm
Kailh Choc Pro Red Low Profile,Linear,PC,Nylon,POM,PCB (5-pin),Stainless Steel Spring,35g,,1.50 mm,3.00 mm
Kailh Choc Pro Robin Low Profile,Clicky,PC,Nylon,POM,PCB (5-pin),Stainless Steel Spring,47g,,1.50 mm,3.00 mm
Kailh Choc Pro Silver Low Profile,Linear,PC,Nylon,POM,PCB (5-pin),Stainless Steel Spring,40g,,1.50 mm,3.00 mm
Kailh Choc V1 Black Low Profile,Linear,PC,Nylon,POM,PCB (5-pin),Stainless Steel Spring,50g,,1.50 mm,3.00 mm
Kailh Choc V1 Blue Low Profile,Clicky,PC,Nylon,POM,PCB (5-pin),Stainless Steel Spring,25g,,1.50 mm,3.00 mm
Kailh Choc V1 Brown Low Profile,Tactile,PC,Nylon,POM,PCB (5-pin),Stainless Steel Spring,50g,,1.50 mm,3.00 mm
Kailh Choc V1 Burnt Orange Low Profile,Tactile,PC,Nylon,POM,PCB (5-pin),Stainless Steel Spring,70g,,1.50 mm,3.00 mm
Kailh Choc V1 Jade Low Profile,Clicky,PC,Nylon,POM,PCB (5-pin),Stainless Steel Spring,50g,,1.50 mm,3.00 mm
Kailh Choc V1 Navy Low Profile,Clicky,PC,Nylon,POM,PCB (5-pin),Stainless Steel Spring,60g,,1.50 mm,3.00 mm
Kailh Choc V1 Pale Blue Low Profile,Clicky,PC,Nylon,POM,PCB (5-pin),Stainless Steel Spring,70g,,1.50 mm,3.00 mm
Kailh Choc V1 Purple Low Profile,Linear,PC,Nylon,POM,PCB (5-pin),Stainless Steel Spring,25g,,1.50 mm,3.00 mm
Kailh Choc V1 Red Low Profile,Linear,PC,Nylon,POM,PCB (5-pin),Stainless Steel Spring,50g,,1.50 mm,3.00 mm
Kailh Choc V1 Transparent Red Low Profile,Linear,PC,Nylon,POM,PCB (5-pin),Stainless Steel Spring,35g,,1.50 mm,3.00 mm
Kailh Choc V1 White Low Profile,Clicky,PC,Nylon,POM,PCB (5-pin),Stainless Steel Spring,50g,,1.50 mm,3.00 mm
Kailh Choc V1 Yellow Low Profile,Linear,PC,Nylon,POM,PCB (5-pin),Stainless Steel Spring,70g,,1.50 mm,3.00 mm
Kailh Choc V2 Blue Low Profile,Clicky,PC,Nylon,POM,PCB (5-pin),Stainless Steel Spring,48g,75g,1.30 mm,3.20 mm
Kailh Choc V2 Brown Low Profile,Tactile,PC,Nylon,POM,PCB (5-pin),Stainless Steel Spring,45g,80g,1.30 mm,3.20 mm
Kailh Choc V2 Full POM Ghost Low Profile,Linear,POM,POM,POM,PCB (5-pin),15.5 mm Stainless Steel Spring,50g,60g,1.20 mm,2.80 mm
Kailh Choc V2 Full POM Phantom Low Profile,Tactile,POM,POM,POM,PCB (5-pin),15.5 mm Stainless Steel Spring,45g,60g,1.60 mm,2.80 mm
Kailh Choc V2 Full POM Wizard Low Profile,Clicky,POM,POM,POM,PCB (5-pin),15.5 mm Stainless Steel Spring,50g,60g,1.20 mm,2.80 mm
Kailh Choc V2 Low Profile Silent,Linear,PC,Nylon,POM,PCB (5-pin),Stainless Steel Spring,43g,,1.30 mm,2.80 mm
Kailh Choc V2 Low Profile Silent,Tactile,PC,Nylon,POM,PCB (5-pin),Stainless Steel Spring,45g,55g,1.30 mm,2.80 mm
Kailh Choc V2 Red Low Profile,Linear,PC,Nylon,POM,PCB (5-pin),Stainless Steel Spring,43g,75g,1.30 mm,3.20 mm
Kailh Clione Limacina,Linear,PC,PC,PC,PCB (5-pin),20.5 mm Spring,58g,68g,1.90 mm,4.00 mm
Kailh Clione Limacina,Tactile,PC,PC,PC,PCB (5-pin),20.5 mm Spring,58g,75g,1.90 mm,4.00 mm
Kailh Crystal Burgundy Pro,Linear,PC,PC,POM,PCB (5-pin),Stainless Steel Spring,37g,45g,1.30 mm,3.40 mm
Kailh Cyberpunk - 62g,Tactile,PC,,POM,PCB (5-pin),Stainless Steel Spring,62g,67g,,
Kailh Cyberpunk - 67g,Tactile,PC,,POM,PCB (5-pin),Stainless Steel Spring,67g,72g,,
Kailh Dustproof Blue,Clicky,PC,Nylon,POM,Plate (3-pin),Stainless Steel Spring,50g,,,
Kailh EVA - 62g,Tactile,PC,,POM,PCB (5-pin),Stainless Steel Spring,62g,67g,,
Kailh EVA - 67g,Tactile,PC,,POM,PCB (5-pin),Stainless Steel Spring,67g,72g,,
Kailh Flame Hall Effect,Hall Effect,POM,POM,POM,,Stainless Steel Spring,,,,3.80 mm
Kailh Hako True,Tactile,PC,Nylon,POM,Plate (3-pin),Stainless Steel Spring,60g,95g,1.80 mm,3.60 mm
Kailh Halo Clear,Tactile,PC,Nylon,POM,Plate (3-pin),Stainless Steel Spring,52g,78g,1.90 mm,4.00 mm
Kailh Halo True,Tactile,PC,Nylon,POM,Plate (3-pin),Stainless Steel Spring,54g,100g,1.90 mm,4.00 mm
Kailh Indigo Naturalis,Tactile,PC,PC,,PCB (5-pin),Stainless Steel Spring,40g,,2.00 mm,4.00 mm
Kailh Juliet,Linear,POK,POM,POM,PCB (5-pin),Stainless Steel Spring,40g,,1.20 mm,3.40 mm
Kailh KH Blue,Clicky,PC,Nylon,POM,PCB (5-pin),Stainless Steel Spring,45g,,1.50 mm,3.50 mm
Kailh KH Brown,Tactile,PC,Nylon,POM,PCB (5-pin),Stainless Steel Spring,45g,,1.50 mm,3.50 mm
Kailh KH Red,Linear,PC,Nylon,POM,PCB (5-pin),Stainless Steel Spring,45g,,1.50 mm,3.50 mm
Kailh Knight Saber,Tactile,POM,POM,POM,PCB (5-pin),Stainless Steel Spring,42g,60g,,4.00 mm
Kailh Magnetic,Hall Effect,POM,POM,POM,,Stainless Steel Spring,100Gs,2000Gs,,3.80 mm
Kailh Midnight Jade,Clicky,PC,PC,POM,PCB (5-pin),Stainless Steel Spring,50g,60g,2.00 mm,3.60 mm
Kailh Midnight Pro Silent,Linear,PC,Nylon,POM,PCB (5-pin),Stainless Steel Spring,45g,55g,1.90 mm,4.00 mm
Kailh Midnight Pro Silent,Tactile,PC,Nylon,POM,PCB (5-pin),Stainless Steel Spring,45g,60g,1.90 mm,3.70 mm
Kailh Midnight Silent,Linear,PC,Nylon,POM,PCB (5-pin),21.75 mm Stainless Steel Spring,45g,50g,2.00 mm,4.00 mm
Kailh Midnight Silent,Tactile,PC,Nylon,POM,PCB (5-pin),17.8 mm Stainless Steel Spring,40g,60g,1.90 mm,4.00 mm
Kailh Mistral Hall Effect,Hall Effect,POM,POM,POM,,Stainless Steel Spring,,,,3.80 mm
Kailh Optical Dustproof Black,Linear,PC,Nylon,POM,,Stainless Steel Spring,60g,,,
Kailh Optical Dustproof Dark Blue,Clicky,PC,Nylon,POM,,Stainless Steel Spring,50g,,,
Kailh Optical Dustproof Red,Linear,PC,Nylon,POM,,Stainless Steel Spring,45g,,,
Kailh Peach Pudding,Linear,POM,POM,POM,PCB (5-pin),Stainless Steel Spring,45g,,1.20 mm,3.60 mm
Kailh Polia,Tactile,PC,Nylon,POM,Plate (3-pin),Stainless Steel Spring,45g,80g,1.90 mm,3.80 mm
Kailh Pro Burgundy,Linear,PC,Nylon,POM,Plate (3-pin),Stainless Steel Spring,50g,70g,1.70 mm,3.60 mm
Kailh Pro Heavy Berry,Linear,PC,Nylon,POM,Plate (3-pin),Stainless Steel Spring,70g,,1.70 mm,3.60 mm
Kailh Pro Heavy Plum,Tactile,PC,Nylon,POM,Plate (3-pin),Stainless Steel Spring,70g,,1.70 mm,3.60 mm
Kailh Pro Heavy Sage,Clicky,PC,Nylon,POM,Plate (3-pin),Stainless Steel Spring,70g,,1.70 mm,3.60 mm
Kailh Pro Light Green,Clicky,PC,Nylon,POM,Plate (3-pin),Stainless Steel Spring,50g,60g,1.70 mm,3.60 mm
Kailh Pro Purple,Tactile,PC,Nylon,POM,Plate (3-pin),Stainless Steel Spring,50g,70g,1.70 mm,3.60 mm
Kailh Purple Potato,Tactile,POM,POM,POM,PCB (5-pin),18 mm Stainless Steel Extension Spring,,63.5g,2.00 mm,4.00 mm
Kailh Red,Linear,PC,Nylon,POM,Plate (3-pin),Stainless Steel Spring,50g,70g,1.90 mm,4.00 mm
Kailh Romeo,Linear,POK,POM,POM,PCB (5-pin),Stainless Steel Spring,55g,,1.20 mm,3.40 mm
Kailh Speed Bronze,Clicky,PC,Nylon,POM,Plate (3-pin),Stainless Steel Spring,50g,70g,1.10 mm,3.50 mm
Kailh Speed Copper,Tactile,PC,Nylon,POM,Plate (3-pin),Stainless Steel Spring,40g,60g,1.10 mm,3.50 mm
Kailh Speed Gold,Clicky,PC,Nylon,POM,Plate (3-pin),Stainless Steel Spring,50g,60g,1.40 mm,3.50 mm
Kailh Speed Pale Blue,Clicky,PC,Nylon,POM,Plate (3-pin),Stainless Steel Spring,70g,,1.10 mm,3.50 mm
Kailh Speed Pink,Clicky,PC,Nylon,POM,Plate (3-pin),Stainless Steel Spring,50g,70g,1.10 mm,3.50 mm
Kailh Speed Pro Burgundy,Linear,PC,Nylon,POM,PCB (5-pin),Stainless Steel Spring,50g,,1.70 mm,3.60 mm
Kailh Speed Pro Heavy Berry,Linear,PC,Nylon,POM,Plate (3-pin),Stainless Steel Spring,70g,100g,1.70 mm,3.60 mm
Kailh Speed Pro Heavy Navy,Clicky,PC,Nylon,POM,Plate (3-pin),Stainless Steel Spring,70g,100g,1.20 mm,3.50 mm
Kailh Speed Pro Heavy Plum,Tactile,PC,Nylon,POM,Plate (3-pin),Stainless Steel Spring,70g,100g,1.70 mm,3.60 mm
Kailh Speed Pro Heavy Sage,Clicky,PC,Nylon,POM,Plate (3-pin),Stainless Steel Spring,70g,100g,1.70 mm,3.60 mm
Kailh Speed Silver,Linear,PC,Nylon,POM,Plate (3-pin),Stainless Steel Spring,45g,60g,1.10 mm,3.50 mm
Kailh Sun,Clicky,PC,PC,POM,Plate (3-pin),Stainless Steel Spring,45g,60g,1.90 mm,3.80 mm
Kailh Super Speed Bronze,Clicky,PC,Nylon,POM,Plate (3-pin),Stainless Steel Spring,48g,68g,1.10 mm,3.50 mm
Kailh Super Speed Copper,Tactile,PC,Nylon,POM,Plate (3-pin),Stainless Steel Spring,38g,60g,1.10 mm,3.50 mm
Kailh Super Speed Red,Linear,PC,Nylon,POM,Plate (3-pin),Stainless Steel Spring,37g,40g,1.80 mm,4.00 mm
Kailh Super Speed Silver,Linear,PC,Nylon,POM,Plate (3-pin),Stainless Steel Spring,38g,50g,1.10 mm,3.50 mm
Kailh Ultimate Taichi,Linear,PC,PC,POM,PCB (5-pin),20 mm Stainless Steel Spring,45g,58g,1.30 mm,3.60 mm
Kailh White Wing,Tactile,,,,Plate (3-pin),Stainless Steel Spring,42g,,2.00 mm,3.50 mm
Kailh Yellow,Linear,Nylon,Nylon,POM,Plate (3-pin),Stainless Steel Spring,50g,,2.00 mm,4.00 mm
Katano USw LMBW02,Linear,Nylon,Nylon,POM,,Stainless Steel Spring,,,,
KBDFans Hamster,Linear,HPE,Nylon,UPE,PCB (5-pin),Two-Stage Gold-Plated Spring,55g,63.5g,2.00 mm,3.50 mm
KBDFans MiTo Laser - 60g,Linear,Nylon,Nylon,POM,PCB (5-pin),Gold-Plated Spring,,60g,,
KBDFans MiTo Laser - 74g,Linear,Nylon,Nylon,POM,PCB (5-pin),Gold-Plated Spring,,74g,,
KBDFans Roller,Linear,Proprietary INK Blend,Nylon,POM,PCB (5-pin),Stainless Steel Spring,45g,60g,2.00 mm,3.50 mm
KBDiy Fantasy KB1 Virus,Tactile,PC,PC,POM,PCB (5-pin),Two-Stage Stainless Steel Spring,58g,,,3.60 mm
KBDiy Fantasy KB2 Orange,Tactile,,,,PCB (5-pin),Stainless Steel Spring,43g,,,
KBDiy Fantasy KB3 DVA,Linear,,,,PCB (5-pin),Stainless Steel Spring,37g,,,
KBDiy Periwinkle,Linear,PC,Nylon,POM,Plate (3-pin),15 mm Stainless Steel Spring,50g,60g,2.00 mm,4.00 mm
KeBo Arctos - 65g,Tactile,PC,PC,POM,Plate (3-pin),Stainless Steel Spring,,72g,,
KeBo Arctos - 72g,Tactile,PC,PC,POM,Plate (3-pin),Stainless Steel Spring,,72g,,
Keebfront Bigwig,Linear,HPE,PBT,POM,PCB (5-pin),Two-Stage Stainless Steel Spring,,67g,,
Keebfront Coley,Linear,Nylon,PBT,POM,PCB (5-pin),20 mm Two-Stage Stainless Steel Spring,,63.5g,,
Keebfront Doom,Linear,HPE,Nylon,POM,PCB (5-pin),Two-Stage Stainless Steel Spring,,63.5g,,
Keebfront Doom,Tactile,HPE,Nylon,POM,PCB (5-pin),Two-Stage Stainless Steel Spring,,63.5g,,
Keebfront Honeycomb,Linear,PC,Nylon,POM,PCB (5-pin),18 mm Two-Stage Stainless Steel Spring,,65g,,
Keebhut Tropical Waters V1,Linear,PC,Nylon,POM,PCB (5-pin),20 mm Stainless Steel Spring,,68g,,
Keebhut Tropical Waters V2,Linear,PC,Nylon,POM,PCB (5-pin),20 mm Stainless Steel Spring,,60g,,
Keebox Caramel Mousse,Linear,POK,Nylon,POM,PCB (5-pin),15 mm Single-Stage Japanese Spring,30g,37g,2.00 mm,4.00 mm
Keebwerk Bushi Silent,Tactile,PC,Nylon,,PCB (5-pin),Gold-Plated Spring,62g,,2.00 mm,3.80 mm
Keebwerk Tacit,Tactile,PC,Nylon,POM,PCB (5-pin),Gold-Plated Spring,,67g,2.00 mm,3.80 mm
Keebz N Cables Ice Kachang Final,Tactile,PC,Nylon,POM,PCB (5-pin),Stainless Steel spring,,58g,,3.20 mm
Keebz N Cables Ice Kachang V1,Tactile,PC,Nylon,POM,PCB (5-pin),Stainless Steel Spring,,63.5g,,3.20 mm
Keebz N Cables Ice Kachang V2,Tactile,PC,Nylon,POM,PCB (5-pin),Stainless Steel Spring,,55g,,3.20 mm
Keebz N Cables Mountain King,Tactile,Nylon,Nylon,POM,PCB (5-pin),Stainless Steel Spring,,63.5g,,3.10 mm
Keebz N Cables Taro N Sweet Potato,Linear,POK,LY,LY,PCB (5-pin),22 mm Single-Stage Stainless Steel Spring,,60g,,3.40 mm
Kelowna Crimson,Linear,PC,Nylon,POM,Plate (3-pin),Two-Stage Gold-Plated Spring,50g,60g,,
KeyBay Bronze Diamond,Linear,Nylon,Nylon,POM,PCB (5-pin),20 mm Single-Stage Stainless Steel Spring,55g,63g,1.90 mm,3.80 mm
KeyBay W1 Black Diamond Black,Linear,Nylon,Nylon,POM,PCB (5-pin),18 mm Stainless Steel Spring,45g,55g,,3.60 mm
KeyBay W1 Black Diamond Blue,Linear,Nylon,Nylon,POM,PCB (5-pin),21.5 mm Stainless Steel Spring,45g,55g,,3.80 mm
KeyBay W1 Black Diamond Green,Linear,Nylon,Nylon,POM,PCB (5-pin),21.5 mm Stainless Steel Spring,45g,55g,,3.80 mm
KeyBay W1 Black Diamond Pink,Linear,Nylon,Nylon,POM,PCB (5-pin),21.5 mm Stainless Steel Spring,45g,55g,,4.00 mm
KeyBay W1 Black Diamond Purple,Linear,Nylon,Nylon,POM,PCB (5-pin),21.5 mm Stainless Steel Spring,45g,55g,,4.00 mm
KeyBay W1 Black Diamond Red,Linear,Nylon,Nylon,POM,PCB (5-pin),21.5 mm Stainless Steel Spring,45g,55g,,3.80 mm
KeyBay W1 Black Diamond Silver,Linear,Nylon,Nylon,POM,PCB (5-pin),18 mm Stainless Steel Spring,45g,55g,,3.40 mm
KeyBay W1 Black Diamond Yellow,Linear,Nylon,Nylon,POM,PCB (5-pin),21.5 mm Stainless Steel Spring,45g,55g,,4.00 mm
KeyBay W1 White Diamond Pink,Linear,Nylon,Nylon,POM,PCB (5-pin),Stainless Steel Spring,45g,55g,,3.60 mm
KeyBay W1 White Diamond Purple,Linear,Nylon,Nylon,POM,PCB (5-pin),Stainless Steel Spring,45g,55g,,3.60 mm
KeyBay W1 White Diamond Yellow,Linear,Nylon,Nylon,POM,PCB (5-pin),Stainless Steel Spring,45g,55g,,3.60 mm
Keychron Aurora Hall Effect,Hall Effect,PC,Nylon,POM,,Stainless Steel Spring,50g,70g,,4.00 mm
Keychron Blue,Clicky,PC,Nylon,POM,Plate (3-pin),Stainless Steel Spring,60g,,2.00 mm,4.00 mm
Keychron Brown,Tactile,PC,Nylon,POM,Plate (3-pin),Stainless Steel Spring,55g,,2.00 mm,4.00 mm
Keychron Camo Camel,Linear,Nylon,Nylon,POM,Plate (3-pin),Gold-Plated Spring,40g,,2.00 mm,4.00 mm
Keychron Camo Green,Linear,Nylon,Nylon,POM,Plate (3-pin),Gold-Plated Spring,40g,,2.00 mm,4.00 mm
Keychron Camo Light Green,Linear,Nylon,Nylon,POM,Plate (3-pin),Gold-Plated Spring,40g,,2.00 mm,4.00 mm
Keychron Camo Wheat,Linear,Nylon,Nylon,POM,Plate (3-pin),Gold-Plated Spring,40g,,2.00 mm,4.00 mm
Keychron Dawn Hall Effect,Hall Effect,PC,Nylon,POM,,Stainless Steel Spring,30g,50g,,4.00 mm
Keychron K Pro Banana,Tactile,PC,Nylon,POM,Plate (3-pin),Stainless Steel Spring,57g,,2.20 mm,3.30 mm
Keychron K Pro Blue,Clicky,PC,Nylon,POM,Plate (3-pin),Stainless Steel Spring,60g,,2.00 mm,4.00 mm
Keychron K Pro Brown,Tactile,PC,Nylon,POM,Plate (3-pin),Stainless Steel Spring,50g,,2.00 mm,4.00 mm
Keychron K Pro Brown Silent,Tactile,PC,Nylon,POM,Plate (3-pin),Stainless Steel Spring,55g,60g,2.00 mm,3.90 mm
Keychron K Pro Mint,Tactile,PC,Nylon,POM,Plate (3-pin),Stainless Steel Spring,67g,,2.20 mm,3.30 mm
Keychron K Pro Red,Linear,PC,Nylon,POM,Plate (3-pin),Stainless Steel Spring,45g,60g,2.00 mm,4.00 mm
Keychron K Pro Red Silent,Linear,PC,Nylon,POM,Plate (3-pin),Stainless Steel Spring,45g,60g,2.00 mm,4.00 mm
Keychron K Pro Silver,Linear,PC,Nylon,POM,Plate (3-pin),Stainless Steel Spring,42g,,1.30 mm,3.30 mm
Keychron K Pro White Silent,Linear,PC,Nylon,POM,Plate (3-pin),Stainless Steel Spring,48g,50g,2.00 mm,4.00 mm
Keychron K Pro Yellow,Linear,PC,Nylon,POM,Plate (3-pin),Stainless Steel Spring,50g,,2.00 mm,4.00 mm
Keychron Lava Optical Banana,Tactile,PC,Nylon,POM,,Stainless Steel Spring,57g,,1.80 mm,4.00 mm
Keychron Lava Optical Blue,Clicky,PC,Nylon,POM,,Stainless Steel Spring,55g,,1.80 mm,4.00 mm
Keychron Lava Optical Brown,Tactile,PC,Nylon,POM,,Stainless Steel Spring,57g,,1.80 mm,4.00 mm
Keychron Lava Optical Mint,Tactile,PC,Nylon,POM,,Stainless Steel Spring,67g,,1.80 mm,4.00 mm
Keychron Lava Optical Red,Linear,PC,Nylon,POM,,Stainless Steel Spring,40g,,1.80 mm,4.00 mm
Keychron Low Profile Banana,Tactile,PC,Nylon,POM,Plate (3-pin),Stainless Steel Spring,55g,60g,1.40 mm,3.10 mm
Keychron Low Profile Optical Banana,Tactile,PC,Nylon,POM,,Stainless Steel Spring,57g,,1.10 mm,2.50 mm
Keychron Low Profile Optical Black,Linear,PC,Nylon,POM,,Stainless Steel Spring,50g,,1.10 mm,2.50 mm
Keychron Low Profile Optical Blue,Clicky,PC,Nylon,POM,,Stainless Steel Spring,48g,,1.10 mm,2.50 mm
Keychron Low Profile Optical Brown,Tactile,PC,Nylon,POM,,Stainless Steel Spring,57g,,1.10 mm,2.50 mm
Keychron Low Profile Optical Mint,Tactile,PC,Nylon,POM,,Stainless Steel Spring,67g,,1.10 mm,2.50 mm
Keychron Low Profile Optical Orange,Clicky,PC,Nylon,POM,,Stainless Steel Spring,55g,,1.10 mm,2.50 mm
Keychron Low Profile Optical Red,Linear,PC,Nylon,POM,,Stainless Steel Spring,40g,,1.10 mm,2.50 mm
Keychron Low Profile Optical White,Linear,PC,Nylon,POM,,Stainless Steel Spring,30g,,1.10 mm,2.50 mm
Keychron Low Profile Red,Linear,PC,Nylon,POM,Plate (3-pin),Stainless Steel Spring,45g,50g,1.30 mm,3.10 mm
Keychron Low Profile Red,Linear,PC,Nylon,POM,Plate (3-pin),Stainless Steel Spring,45g,50g,1.30 mm,3.10 mm
Keychron Nebula Hall Effect,Hall Effect,PC,Nylon,POM,,Stainless Steel Spring,40g,60g,,4.00 mm
Keychron Optical Blue,Clicky,PC,Nylon,POM,,Stainless Steel Spring,55g,,1.80 mm,4.00 mm
Keychron Optical Brown,Tactile,PC,Nylon,POM,,Stainless Steel Spring,55g,,1.80 mm,4.00 mm
Keychron Optical Red,Linear,PC,Nylon,POM,,Stainless Steel Spring,40g,,1.80 mm,4.00 mm
Keychron Red,Linear,PC,Nylon,POM,Plate (3-pin),Stainless Steel Spring,45g,,2.00 mm,4.00 mm
Keychron Super Banana,Tactile,PC,Nylon,POM,PCB (5-pin),Stainless Steel Spring,47g,60g,2.00 mm,3.60 mm
Keychron Super Brown,Tactile,PC,Nylon,POM,PCB (5-pin),Stainless Steel Spring,55g,60g,2.00 mm,3.60 mm
Keychron Super Red,Linear,PC,Nylon,POM,PCB (5-pin),Stainless Steel Spring,45g,50g,2.00 mm,4.00 mm
Keycool Aurora Orange,Tactile,,,,PCB (5-pin),Stainless Steel Spring,47g,65g,2.20 mm,4.00 mm
Keycool Aurora Pink,Linear,PC,Nylon,POM,PCB (5-pin),Stainless Steel Spring,37g,45g,1.50 mm,3.60 mm
Keycool Ice Crystal,Linear,,,,,Stainless Steel Spring,40g,50g,2.10 mm,3.50 mm
Keyfirst Bling Blue,Linear,PC,PC,POM,PCB (5-pin),Two-Stage Gold-Plated Spring,67g,75g,2.00 mm,3.80 mm
Keyfirst Bling Green,Linear,PC,PC,POM,PCB (5-pin),Two-Stage Gold-Plated Spring,80g,100g,2.00 mm,3.80 mm
Keyfirst Bling Pink,Linear,PC,PC,POM,PCB (5-pin),Two-Stage Gold-Plated Spring,30g,60g,2.00 mm,3.80 mm
Keyfirst Bling Purple,Linear,PC,PC,POM,PCB (5-pin),Two-Stage Gold-Plated Spring,62g,75g,2.00 mm,3.80 mm
Keyfirst Bling Yellow,Linear,PC,PC,POM,PCB (5-pin),Two-Stage Gold-Plated Spring,30g,40g,2.00 mm,3.80 mm
Keygeek Avalon - 3.5 mm,Linear,Nylon,PBT,UPE,PCB (5-pin),Stainless Steel Spring,,63g,2.00 mm,3.50 mm
Keygeek Avalon - 3.8 mm,Linear,Nylon,PBT,UPE,PCB (5-pin),Stainless Steel Spring,,63g,2.00 mm,3.80 mm
Keygeek Avocado,Linear,UPE,Nylon,POM,PCB (5-pin),Stainless Steel Spring,,55g,2.00 mm,3.80 mm
Keygeek Begonia,Linear,POM,PBT,UPE,PCB (5-pin),Stainless Steel Spring,43.5g,52g,,3.80 mm
Keygeek Candling Dragon V2,Linear,Nylon,Nylon,POM,PCB (5-pin),Stainless Steel Spring,,58g,,3.60 mm
Keygeek Gulf,Linear,Nylon,Nylon,POM,PCB (5-pin),Stainless Steel Spring,42g,52g,2.00 mm,3.90 mm
Keygeek Jasmine Milk Tea,Linear,POK,Nylon,POM,PCB (5-pin),20 mm Two-Stage Stainless Steel Spring,,55g,1.80 mm,4.00 mm
Keygeek Luxury,Linear,UHMWPE,Nylon,POM,PCB (5-pin),22 mm Stainless Steel Spring,,63.5g,,
Keygeek Mirror Lake,Linear,R1,PBT,UPE,PCB (5-pin),21 mm Single-Stage Japanese Spring,45g,53g,2.00 mm,3.80 mm
Keygeek Muguet Rose,Linear,R1,R1,UPE,PCB (5-pin),22 mm Single-Stage Stainless Steel Spring,45g,48g,2.00 mm,4.00 mm
Keygeek Night Zephyr,Linear,POM,POM,UPE,PCB (5-pin),Stainless Steel Spring,,50g,2.00 mm,3.90 mm
Keygeek Pink Jade,Linear,Nylon,Nylon,UPE,PCB (5-pin),Stainless Steel Spring,,,,
Keygeek Raspberry,Linear,HPE,Nylon,POM,PCB (5-pin),Stainless Steel Spring,43g,53g,,
Keygeek RAW,Linear,Nylon,UPE,POM,PCB (5-pin),22 mm Single-Stage Spring,,57.5g,1.80 mm,3.70 mm
Keygeek Xiaoxin,Linear,,,,PCB (5-pin),Stainless Steel Spring,,,,
Keygeek Zimiao,Linear,UHMWPE,Nylon,POM,PCB (5-pin),18 mm Single-Stage Stainless Steel Spring,,42g,1.80 mm,3.80 mm
KeysPensory Tsavorite,Linear,PC,Nylon,POM,PCB (5-pin),20 mm Stainless Steel Spring,48g,55g,,
KFA N2O,Linear,PC,Nylon,POM,PCB (5-pin),20 mm Stainless Steel Spring,,63.5g,,3.50 mm
KFA Pink Robin,Linear,PC,Nylon,POM,PCB (5-pin),20 mm Gold-Plated Spring,,63.5g,,3.50 mm
Kight Purple-ish,Linear,PME,Nylon,POM,PCB (5-pin),Two-Stage Stainless Steel Spring,,55g,,
KiiBOOM Crystal,Linear,PC,PC,Nylon,PCB (5-pin),Stainless Steel Spring,55g,60g,1.60 mm,3.60 mm
KiiBOOM Emerald,Linear,PC,PC,POM,PCB (5-pin),Stainless Steel Spring,48g,55g,2.00 mm,3.20 mm
KiiBOOM Jacaranda,Linear,PC,PC,POM,PCB (5-pin),Stainless Steel Spring,45g,55g,1.60 mm,3.80 mm
KiiBOOM Matcha Latte,Linear,PC,Nylon,POM,PCB (5-pin),Stainless Steel Spring,55g,62g,1.60 mm,3.60 mm
KiiBOOM Pink Rose,Linear,PC,PC,POM,PCB (5-pin),Stainless Steel Spring,38g,42g,1.60 mm,3.80 mm
KiiBOOM Sapphire,Linear,PC,PC,POM,PCB (5-pin),Stainless Steel Spring,54g,58g,2.20 mm,3.20 mm
KiiBOOM Taro Cream Milk,Tactile,PC,Nylon,POM,PCB (5-pin),Stainless Steel Spring,54g,62g,1.70 mm,3.20 mm
KiiBOOM Topaz,Linear,PC,PC,POM,PCB (5-pin),Stainless Steel Spring,59g,65g,2.00 mm,3.20 mm
KiKiMeow Yuanqi,Linear,PC,Nylon,POM,PCB (5-pin),20 mm Single-Stage Stainless Steel Spring,43g,50g,2.00 mm,3.20 mm
Kinetic Labs Gecko Silent,Linear,PC,Nylon,POM,PCB (5-pin),Stainless Steel Spring,54g,57.5g,,4.00 mm
Kinetic Labs Hippo,Linear,Nylon,Nylon,UHMWPE,PCB (5-pin),15.2 mm Stainless Steel Spring,,63.5g,,
Kinetic Labs Husky,Linear,PC,PC,POM,PCB (5-pin),Stainless Steel Spring,,63.5g,2.00 mm,3.50 mm
Kinetic Labs Moon V2,Linear,Nylon,Nylon,POM,PCB (5-pin),Stainless Steel Spring,,63.5g,,
Kinetic Labs Penguin V2,Tactile,PC,Nylon,POM,PCB (5-pin),Stainless Steel Spring,,63.5g,2.00 mm,4.00 mm
Kinetic Labs Salmon,Tactile,PC,PC,POM,PCB (5-pin),Stainless Steel Spring,,63.5g,2.00 mm,3.50 mm
KNC Keys Black Jacket,Tactile,Nylon,POK,POM,PCB (5-pin),Triple-Stage Spring,,56g,2.00 mm,3.50 mm
KNC Keys Chocolate Crinkle Cookies,Tactile,Nylon,Nylon,HPE,,Two-Stage Spring,,62g,,3.30 mm
KNC Keys Green Jacket,Tactile,HPE,Nylon,POM,PCB (5-pin),Two-Stage Spring,55g,63.5g,2.00 mm,3.10 mm
KNC Keys Green Jacket 1.5,Linear,HPE,Nylon,POM,PCB (5-pin),Two-Stage Spring,55g,63.5g,2.00 mm,3.50 mm
KNC Keys Red Jacket V1 Redux,Linear,Nylon,Nylon,POM,PCB (5-pin),Two-Stage Spring,52g,68g,2.00 mm,4.00 mm
KNC Keys Tempeh,Linear,Nylon,Nylon,POM,PCB (5-pin),22 mm Spring,,58g,,3.50 mm
KNC Keys The Preference,Linear,Nylon,Nylon,POM,PCB (5-pin),20 mm Single-Stage Spring,55g,62.5g,2.00 mm,4.00 mm
KNC Keys Ube Crinkle Cookies,Tactile,HPE,POM,HPE,PCB (5-pin),Two-Stage Spring,,58g,,3.30 mm
Kono Midnight,Tactile,PC,PC,POM,Plate (3-pin),Stainless Steel Spring,50g,65g,,3.00 mm
Kono Sunrise,Tactile,PC,PC,POM,Plate (3-pin),Gold-Plated Spring,45g,63.5g,2.00 mm,3.80 mm
Kono Sunset,Linear,PC,PC,POM,Plate (3-pin),Gold-Plated Spring,48g,63.5g,2.00 mm,3.80 mm
KRGD Red,Linear,PC,Nylon,POM,Plate (3-pin),Stainless Steel Spring,,,,
KRGO Blue,Clicky,PC,Nylon,POM,Plate (3-pin),Stainless Steel Spring,60g,,,
KTech S1V2 Peach,Linear,HPE,,POM,PCB (5-pin),Stainless Steel Spring,50g,63.5g,2.00 mm,3.50 mm
KTech S2V2 Snow,Tactile,HPE,Proprietary Milky Blend,POM,PCB (5-pin),Stainless Steel Spring,50g,63.5g,,
KTech S3 Durian,Linear,PC,Nylon,POM,PCB (5-pin),22 mm Single-Stage Stainless Steel Spring,55g,62g,2.00 mm,4.00 mm
KTT Ash Grey,Tactile,PC,Nylon,POM,Plate (3-pin),18 mm Stainless Steel Spring,38g,53g,2.00 mm,3.50 mm
KTT Baby Blue,Tactile,PC,Nylon,POM,PCB (5-pin),18 mm Stainless Steel Spring,38g,53g,2.00 mm,3.50 mm
KTT Baby Pink,Linear,PC,Nylon,POM,PCB (5-pin),18 mm Stainless Steel Spring,40g,45g,1.90 mm,3.50 mm
KTT Baby White,Linear,PC,Nylon,POM,PCB (5-pin),18 mm Stainless Steel Spring,43g,48g,1.90 mm,3.50 mm
KTT Baby Yellow,Linear,PC,Nylon,POM,PCB (5-pin),18 mm Stainless Steel Spring,50g,58g,1.90 mm,3.50 mm
KTT Bear,Linear,PC,Nylon,POM,PCB (5-pin),Stainless Steel Spring,43g,50g,,3.80 mm
KTT Blue Jacaranda V2,Linear,PC,Nylon,POM,PCB (5-pin),22 mm Stainless Steel Spring,39g,45g,,3.50 mm
KTT Blueberry,Linear,PC,Nylon,POM,PCB (5-pin),Two-Stage Spring,50g,60g,,4.00 mm
KTT Bluecheese,Linear,PC,Nylon,POM,PCB (5-pin),Stainless Steel Spring,43g,,1.90 mm,3.50 mm
KTT Cabbage Tofu,Linear,PC,Nylon,POM,Plate (3-pin),22 mm Stainless Steel Spring,45g,53g,1.90 mm,4.00 mm
KTT Cabbage Tofu V2,Linear,PC,Nylon,POM,Plate (3-pin),22 mm Stainless Steel Spring,45g,53g,1.90 mm,4.00 mm
KTT Carpinteria,Tactile,PC,PC,POM,PCB (5-pin),Stainless Steel Spring,,50g,,
KTT Cloud Blue,Linear,PC,Nylon,POM,Plate (3-pin),Stainless Steel Spring,43g,53g,2.00 mm,4.00 mm
KTT Coconut Latte,Linear,PC,Nylon,POM,PCB (5-pin),Stainless Steel Spring,37g,45g,2.00 mm,3.50 mm
KTT Cream Yellow,Linear,PC,Nylon,POM,Plate (3-pin),18 mm Stainless Steel Spring,50g,58g,1.90 mm,3.50 mm
KTT Cream Yellow Pro,Linear,PC,Nylon,POM,Plate (3-pin),18 mm Stainless Steel Spring,43g,48g,1.90 mm,3.50 mm
KTT Darling,Linear,PC,Nylon,POM,PCB (5-pin),Stainless Steel Spring,45g,53g,2.00 mm,3.50 mm
KTT F2,Linear,PC,PC,POM,PCB (5-pin),Stainless Steel Spring,43g,53g,1.90 mm,3.50 mm
KTT Floating Light,Linear,PC,Nylon,POM,PCB (5-pin),Stainless Steel Spring,43g,53g,1.90 mm,4.00 mm
KTT Glimp,Linear,PC,Nylon,POM,PCB (5-pin),18 mm Stainless Steel Spring,43g,53g,1.90 mm,4.00 mm
KTT Grapefruit,Linear,PC,Nylon,POM,Plate (3-pin),Stainless Steel Spring,45g,,2.00 mm,4.00 mm
KTT Haluhalo,Linear,PC,Nylon,POM,PCB (5-pin),Stainless Steel Spring,,63.5g,,4.00 mm
KTT Hyacinth,Linear,PC,Nylon,POM,PCB (5-pin),22 mm Stainless Steel Spring,45g,50g,1.90 mm,3.50 mm
KTT Hyacinth Green,Linear,PC,Nylon,POM,PCB (5-pin),Stainless Steel Spring,45g,56g,2.00 mm,3.50 mm
KTT Hyacinth Pink,Linear,PC,Nylon,POM,PCB (5-pin),22 mm Stainless Steel Spring,45g,50g,1.90 mm,3.50 mm
KTT Iwai Tea,Linear,PC,Nylon,POM,PCB (5-pin),Stainless Steel Spring,43g,50g,2.00 mm,3.60 mm
KTT Kang White,Linear,PC,Nylon,POM,Plate (3-pin),Stainless Steel Spring,45g,58g,1.90 mm,4.00 mm
KTT Kang White V3,Linear,PC,Nylon,POM,Plate (3-pin),Stainless Steel Spring,50g,58g,1.90 mm,4.00 mm
KTT Laurel,Linear,POM,POM,POM,Plate (3-pin),22 mm Stainless Steel Spring,43g,50g,1.80 mm,3.50 mm
KTT Lavender,Linear,PC,Nylon,POM,PCB (5-pin),Stainless Steel Spring,43g,50g,1.90 mm,3.50 mm
KTT Lightning,Linear,PC,Nylon,POM,Plate (3-pin),Stainless Steel Spring,43g,50g,1.00 mm,3.00 mm
KTT Low Profile Brown,Tactile,,,,PCB (5-pin),Stainless Steel Spring,45g,55g,1.20 mm,2.50 mm
KTT Low Profile Red,Linear,,,,PCB (5-pin),Stainless Steel Spring,40g,55g,1.20 mm,2.50 mm
KTT Low Profile White,Clicky,,,,PCB (5-pin),Stainless Steel Spring,40g,55g,1.20 mm,2.50 mm
KTT Macaron Blue,Tactile,PC,Nylon,POM,PCB (5-pin),18 mm Stainless Steel Spring,40g,50g,1.90 mm,4.00 mm
KTT Macaron Green,Linear,PC,Nylon,POM,PCB (5-pin),18 mm Stainless Steel Spring,55g,63g,2.00 mm,4.00 mm
KTT Macaron Orange,Tactile,PC,Nylon,POM,PCB (5-pin),18 mm Stainless Steel Spring,38g,50g,1.90 mm,4.00 mm
KTT Macaron Pink,Linear,PC,Nylon,POM,PCB (5-pin),18 mm Stainless Steel Spring,43g,50g,2.00 mm,4.00 mm
KTT Macaron Purple,Linear,PC,Nylon,POM,PCB (5-pin),18 mm Stainless Steel Spring,58g,65g,2.00 mm,4.00 mm
KTT Macaron Red,Linear,PC,Nylon,POM,PCB (5-pin),18 mm Stainless Steel Spring,37g,45g,2.00 mm,4.00 mm
KTT Macaron Yellow,Linear,PC,Nylon,POM,PCB (5-pin),18 mm Stainless Steel Spring,48g,56g,2.00 mm,4.00 mm
KTT Mallo - 55g,Tactile,PC,Nylon,POM,PCB (5-pin),Stainless Steel Spring,,55g,,4.00 mm
KTT Mallo - 68g,Tactile,PC,Nylon,POM,PCB (5-pin),Stainless Steel Spring,,68g,,4.00 mm
KTT Mango Pomelo,Linear,PC,Nylon,POM,Plate (3-pin),Stainless Steel Spring,37g,45g,1.90 mm,4.00 mm
KTT Mannan Pipefish,Linear,PC,Nylon,POM,Plate (3-pin),22 mm Stainless Spring,37g,45g,1.90 mm,4.00 mm
KTT Matcha,Tactile,PC,PC,POM,Plate (3-pin),Gold-Plated spring,40g,45g,1.90 mm,4.00 mm
KTT Miaowu - 37g,Linear,PC,Nylon,POK,PCB (5-pin),Gold-Plated Spring,37g,45g,2.00 mm,3.50 mm
KTT Miaowu - 43g,Linear,PC,Nylon,POK,PCB (5-pin),Gold-Plated Spring,43g,50g,2.00 mm,3.50 mm
KTT Mint,Linear,PC,Nylon,POM,Plate (3-pin),15 mm Spring,45g,53g,2.00 mm,4.00 mm
KTT Monochrome - Chalk,Linear,PC,Nylon,POM,PCB (5-pin),Stainless Steel Spring,,63.5g,2.00 mm,3.80 mm
KTT Monochrome - Marble,Tactile,PC,PC,POM,PCB (5-pin),Stainless Steel Spring,38g,63.5g,2.00 mm,4.00 mm
KTT Monochrome - Oynx,Tactile,PC,PC,POM,PCB (5-pin),22 mm Stainless Steel Spring,46g,63g,2.00 mm,4.00 mm
KTT MoonRosa,Linear,POM,POM,POM,PCB (5-pin),22 mm Spring,37g,45g,1.80 mm,3.50 mm
KTT MoonRosa V2,Linear,POM,POM,POM,PCB (5-pin),22 mm Spring,37g,45g,1.80 mm,3.50 mm
KTT Orange,Linear,PC,PC,POM,PCB (5-pin),22 mm Gold-Plated Spring,46g,53g,1.90 mm,3.50 mm
KTT Peach,Linear,PC,Nylon,POM,Plate (3-pin),Progressive Spring,45g,53g,2.00 mm,4.00 mm
KTT Phalaenopsis,Tactile,PC,PC,POM,Plate (3-pin),22 mm Gold-Plated Spring,37g,50g,2.00 mm,4.00 mm
KTT Pine,Linear,PC,PC,POM,PCB (5-pin),15.5 mm Gold-Plated Spring,45g,58g,1.90 mm,4.00 mm
KTT Purple Click,Clicky,PC,Nylon,POM,Plate (3-pin),18 mm Spring,40g,55g,1.90 mm,4.00 mm
KTT Purple Star,Linear,POM,POM,POM,PCB (5-pin),Stainless Steel Spring,43g,50g,1.80 mm,3.50 mm
KTT Purple Star V2,Linear,POM,POM,POM,PCB (5-pin),Stainless Steel Spring,43g,50g,1.80 mm,3.50 mm
KTT Retro Blue,Linear,PC,Nylon,POK,PCB (5-pin),Stainless Steel Spring,45g,50g,1.90 mm,3.50 mm
KTT Retro Red,Linear,PC,Nylon,POK,PCB (5-pin),Stainless Steel Spring,48g,58g,2.00 mm,4.00 mm
KTT Retro Silver,Linear,PC,Nylon,POK,PCB (5-pin),Stainless Steel Spring,45g,50g,1.30 mm,3.20 mm
KTT Retro Silver Dustproof,Linear,PC,Nylon,POK,PCB (5-pin),Stainless Steel Spring,45g,50g,1.30 mm,3.20 mm
KTT Romance,Linear,PC,Nylon,PC,Plate (3-pin),Stainless Steel Spring,39g,50g,2.00 mm,3.70 mm
KTT Rose,Linear,PC,Nylon,POM,PCB (5-pin),Progressive Spring,,63.5g,,4.00 mm
KTT Sea Salt Lemon,Linear,PC,Nylon,POM,Plate (3-pin),13 mm Progressive Spring,45g,53g,2.00 mm,4.00 mm
KTT Semi Mute Silent,Linear,PC,PC,POM,Plate (3-pin),15 mm Spring,43g,58g,1.60 mm,4.00 mm
KTT Strawberry,Linear,PC,PC,POM,PCB (5-pin),Gold-Plated Spring,43g,62g,1.90 mm,4.00 mm
KTT Strawberry V2,Linear,PC,PC,POM,PCB (5-pin),Gold-Plated Spring,43g,62g,1.90 mm,4.00 mm
KTT Sweet Orange,Linear,PC,PC,POM,PCB (5-pin),22 mm Gold-Plated Spring,46g,53g,1.90 mm,3.50 mm
KTT Vanilla Ice Cream,Linear,Proprietary KTT Blend,POK,POK,PCB (5-pin),18 mm Stainless Steel Spring,43g,48g,1.90 mm,3.50 mm
KTT Waverider,Tactile,POM,Nylon,POM,PCB (5-pin),Stainless Steel Spring,50g,60g,,4.00 mm
KTT Wine Red,Linear,PC,PC,POM,Plate (3-pin),Progressive Spring,44g,55g,2.00 mm,4.00 mm
KTT Wine Red V2,Linear,PC,PC,POM,Plate (3-pin),Progressive Spring,43g,53g,2.00 mm,4.00 mm
KTT Yexia,Linear,PC,Nylon,POM,Plate (3-pin),Two-Stage Extension Spring,,50g,,
KZZI Dependent Silent,Linear,Nylon,Nylon,POM,PCB (5-pin),Stainless Steel Spring,37g,,1.80 mm,
KZZI Encounter,Linear,POM,POM,LY,PCB (5-pin),Stainless Steel Spring,40g,55g,1.20 mm,3.40 mm
KZZI Eternity,Tactile,POM,POM,LY,PCB (5-pin),Stainless Steel Spring,40g,50g,,3.70 mm
KZZI Lemon Green,Linear,PC,Nylon,POM,PCB (5-pin),22 mm Stainless Steel Spring,42g,,2.00 mm,3.70 mm
KZZI Lilac Purple,Linear,PC,Nylon,POM,PCB (5-pin),22 mm Stainless Steel Spring,42g,,1.20 mm,3.40 mm
KZZI Love,Linear,POM,POM,LY,PCB (5-pin),Stainless Steel Spring,37g,,2.00 mm,
KZZI Sakura Pink,Linear,PC,Nylon,POM,PCB (5-pin),22 mm Stainless Steel Spring,37g,,2.00 mm,3.70 mm
KZZI Shining,Linear,PC,Nylon,POM,PCB (5-pin),Stainless Steel Spring,45g,,1.20 mm,3.40 mm
Langtu Gold,Linear,,,,Plate (3-pin),Stainless Steel Spring,45g,68g,1.80 mm,3.80 mm
Langtu Sea Air,Linear,PC,PC,,PCB (5-pin),Stainless Steel Spring,42g,55g,1.60 mm,3.50 mm
Langtu Sea and Air Pro,Linear,,,,PCB (5-pin),Stainless Steel Spring,45g,60g,2.00 mm,3.60 mm
Langtu Silver,Tactile,,,,PCB (5-pin),Stainless Steel Spring,50g,78g,2.00 mm,4.00 mm
Langtu Silver Grey,Linear,,,,Plate (3-pin),Stainless Steel Spring,45g,50g,2.00 mm,3.30 mm
Latenpow Magnetic Strawberry,Linear,PC,Nylon,POM,,Stainless Steel Spring,30g,,,4.00 mm
LCET Banana,Tactile,,,,PCB (5-pin),Stainless Steel Spring,47g,58g,2.00 mm,3.50 mm
LCET Band White,Linear,PC,PC,POM,PCB (5-pin),Stainless Steel Spring,42g,50g,2.00 mm,4.00 mm
LCET Black,Linear,PC,Nylon,POM,Plate (3-pin),Stainless Steel Spring,,,,
LCET Blue and Purple,Clicky,,,,Plate (3-pin),Stainless Steel Spring,,,,
LCET Blue B-Stock,Clicky,PC,Nylon,POM,Plate (3-pin),Stainless Steel Spring,,,,
LCET Blue Dream,Tactile,PC,PC,POM,PCB (5-pin),Stainless Steel Spring,47g,58g,1.80 mm,3.60 mm
LCET Blue Pink,Tactile,,,,PCB (5-pin),Stainless Steel Spring,47g,58g,1.80 mm,3.60 mm
LCET Blue V3,Clicky,POM,POM,POM,PCB (5-pin),Stainless Steel Spring,,62g,,
LCET Brazilian Iron,Linear,,,,PCB (5-pin),Stainless Steel Spring,47g,,1.80 mm,3.50 mm
LCET Brazilian Iron,Tactile,,,,PCB (5-pin),Stainless Steel Spring,47g,,1.80 mm,3.50 mm
LCET Brown,Tactile,PC,Nylon,POM,Plate (3-pin),Stainless Steel Spring,,,,
LCET Desert,Tactile,,,,PCB (5-pin),Stainless Steel Spring,47g,58g,1.80 mm,3.60 mm
LCET Dreamsea Silent,Linear,POM,POM,POK,PCB (5-pin),Stainless Steel Spring,35g,,2.00 mm,3.60 mm
LCET Early Spring,Tactile,PC,PC,POM,PCB (5-pin),Stainless Steel Spring,47g,58g,1.80 mm,3.60 mm
LCET Glacier Brown B-Stock,Tactile,PC,Nylon,POM,Plate (3-pin),,,,,
LCET Glacier Red D-Stock,Tactile,PC,Nylon,POM,Plate (3-pin),,,,,
LCET Grace,Linear,,,,PCB (5-pin),Stainless Steel Spring,50g,60g,2.00 mm,4.00 mm
LCET Green Marsh,Linear,,,,PCB (5-pin),Stainless Steel Spring,35g,45g,1.80 mm,3.50 mm
LCET Hepburn,Linear,LY,Nylon,LY,PCB (5-pin),20 mm Single-Stage Stainless Steel Spring,40g,48g,1.80 mm,3.50 mm
LCET Ice Clear,Linear,PC,PC,PC,Plate (3-pin),Stainless Steel Spring,50g,60g,1.80 mm,3.50 mm
LCET Joker,Tactile,,,,PCB (5-pin),Stainless Steel Spring,47g,57g,1.80 mm,3.60 mm
LCET Maple Leaf,Tactile,,,,PCB (5-pin),Stainless Steel Spring,47g,60g,1.80 mm,3.80 mm
LCET Milk Cap,Linear,,,,PCB (5-pin),Stainless Steel Spring,35g,45g,2.00 mm,4.00 mm
LCET Mountain,Tactile,,,,PCB (5-pin),Stainless Steel Spring,47g,55g,,3.70 mm
LCET Oasis,Tactile,,,,PCB (5-pin),Stainless Steel Spring,47g,58g,1.80 mm,3.60 mm
LCET Oceanic Blue,Linear,,,,Plate (3-pin),Stainless Steel Spring,37g,47g,2.00 mm,3.90 mm
LCET Optical Black,Clicky,PC,Nylon,POM,,Stainless Steel Spring,55g,65g,,
LCET Optical Blue,Clicky,PC,Nylon,POM,,Stainless Steel Spring,55g,65g,,
LCET Optical Orange,Clicky,PC,Nylon,POM,,Stainless Steel Spring,55g,65g,,
LCET Optical Red,Linear,PC,Nylon,POM,,Stainless Steel Spring,45g,65g,,
LCET Panda F-Stock,Tactile,Nylon,Nylon,POM,Plate (3-pin),Stainless Steel Spring,,,,
LCET Panda Z-Stock,Tactile,Nylon,Nylon,POM,Plate (3-pin),Stainless Steel Spring,,,,
LCET Passion,Tactile,PC,PC,POM,PCB (5-pin),Stainless Steel Spring,47g,58g,1.80 mm,3.60 mm
LCET Pollen,Linear,PC,Nylon,POM,PCB (5-pin),Stainless Steel Spring,36g,45g,2.00 mm,4.00 mm
LCET Purple,Tactile,PC,Nylon,POM,PCB (5-pin),Stainless Steel Spring,36g,45g,2.00 mm,3.60 mm
LCET Red,Linear,PC,Nylon,POM,Plate (3-pin),Stainless Steel Spring,,,,
LCET Silver,Linear,PC,Nylon,POM,PCB (5-pin),Stainless Steel Spring,45g,,1.00 mm,3.50 mm
LCET Snow Leopard,Linear,POM,POM,POM,PCB (5-pin),Stainless Steel Spring,43g,48g,1.60 mm,3.30 mm
LCET Sprout,Linear,,,,PCB (5-pin),Stainless Steel Spring,50g,60g,2.00 mm,4.00 mm
LCET Sweet Heart Pink,Tactile,,,,PCB (5-pin),Stainless Steel Spring,47g,58g,1.80 mm,3.60 mm
LCET Sweet Pink Queen,Tactile,,,,PCB (5-pin),Stainless Steel Spring,47g,58g,1.80 mm,3.60 mm
LCET Warm,Tactile,PC,PC,POM,PCB (5-pin),Stainless Steel Spring,42g,50g,2.00 mm,4.00 mm
LCET White Raspberry,Tactile,,,,PCB (5-pin),Stainless Steel Spring,47g,55g,1.80 mm,3.60 mm
LCET Wujing Eva,Linear,,,,PCB (5-pin),Stainless Steel Spring,50g,60g,1.80 mm,3.60 mm
LCET Yingluo,Tactile,,,,PCB (5-pin),Stainless Steel Spring,47g,58g,1.80 mm,3.60 mm
Lelelab Y2K,Tactile,PC,Nylon,POM,PCB (5-pin),Stainless Steel Spring,60g,67g,2.00 mm,4.00 mm
LEOBOG Barbie,Linear,POM,POM,POM,Plate (3-pin),Stainless Steel Spring,33g,45g,1.50 mm,3.70 mm
LEOBOG Black Crystal,Tactile,PC,PC,POM,Plate (3-pin),Stainless Steel Spring,,,,
LEOBOG Chive,Linear,POM,POM,POM,PCB (5-pin),Stainless Steel Spring,53g,68g,1.60 mm,3.80 mm
LEOBOG Chive V2,Linear,Nylon,Nylon,POM,PCB (5-pin),Stainless Steel Spring,46g,63g,1.30 mm,3.80 mm
LEOBOG Greywood,Linear,PC,Nylon,POM,Plate (3-pin),Stainless Steel Spring,40g,53g,1.70 mm,3.60 mm
LEOBOG Greywood V2,Linear,PC,Nylon,POM,Plate (3-pin),Stainless Steel Spring,40g,53g,1.50 mm,3.60 mm
LEOBOG Greywood V3,Linear,PC,Nylon,POM,Plate (3-pin),Stainless Steel Spring,40g,53g,1.50 mm,3.60 mm
LEOBOG Greywood V4,Linear,PC,Nylon,POM,Plate (3-pin),Stainless Steel Spring,40g,50g,1.50 mm,3.60 mm
LEOBOG Ice Blue,Clicky,PC,PC,PC,PCB (5-pin),Stainless Steel Spring,43g,53g,1.50 mm,3.50 mm
LEOBOG Ice Crystal,Linear,PC,PC,POM,Plate (3-pin),Stainless Steel Spring,35g,48g,1.80 mm,3.70 mm
LEOBOG Ice Soul,Tactile,PC,PC,POM,PCB (5-pin),Stainless Steel Spring,30g,45g,1.70 mm,3.60 mm
LEOBOG Immortality,Linear,POM,POM,POM,PCB (5-pin),Stainless Steel Spring,42g,55g,1.60 mm,3.60 mm
LEOBOG Ink Crystal V3,Tactile,PC,PC,POM,PCB (5-pin),Stainless Steel Spring,50g,64g,1.90 mm,3.40 mm
LEOBOG Juggle,Tactile,POM,POM,POM,PCB (5-pin),Stainless Steel Spring,36g,54g,1.60 mm,3.60 mm
LEOBOG Juggle V2,Tactile,POM,POM,POM,PCB (5-pin),Stainless Steel Spring,36g,54g,1.60 mm,3.60 mm
LEOBOG Kayking,Linear,Nylon,Nylon,POM,PCB (5-pin),Stainless Steel Spring,35g,43g,1.50 mm,3.50 mm
LEOBOG Kayking V2,Linear,Nylon,Nylon,POM,PCB (5-pin),Stainless Steel Spring,35g,43g,1.50 mm,3.50 mm
LEOBOG Nimbus,Linear,POM,POM,POM,PCB (5-pin),Stainless Steel Spring,35g,45g,1.20 mm,3.60 mm
LEOBOG Nimbus V2,Linear,POM,POM,POM,PCB (5-pin),Stainless Steel Spring,35g,45g,1.20 mm,3.60 mm
LEOBOG Nimbus V3,Linear,POM,POM,POM,PCB (5-pin),Stainless Steel Spring,34g,45g,1.30 mm,3.70 mm
LEOBOG Purple King,Linear,Nylon,Nylon,POM,PCB (5-pin),Stainless Steel Spring,37g,45g,1.50 mm,3.60 mm
LEOBOG Rambo,Linear,POM,POM,POM,Plate (3-pin),Stainless Steel Spring,43g,55g,1.70 mm,3.80 mm
LEOBOG Reaper,Linear,PC,Nylon,POM,PCB (5-pin),Stainless Steel Spring,45g,55g,1.80 mm,3.60 mm
LEOBOG Rocklee,Linear,PC,Nylon,POM,PCB (5-pin),Stainless Steel Spring,36g,45g,1.80 mm,3.80 mm
LEOBOG S² Engine,Linear,,,POM,PCB (5-pin),Two-Stage Stainless Steel Spring,36g,,1.50 mm,3.80 mm
LEOBOG Seiya,Linear,POM,POM,POM,PCB (5-pin),Stainless Steel Spring,40g,55g,1.80 mm,3.50 mm
LEOBOG Shanyi,Clicky,PC,Nylon,POM,Plate (3-pin),Stainless Steel Spring,,,,
LEOBOG Standard Brown,Tactile,Nylon,Nylon,POM,PCB (5-pin),Stainless Steel Spring,26g,43g,2.00 mm,3.60 mm
LEOBOG Wolfberry,Linear,PC,Nylon,POM,Plate (3-pin),Stainless Steel Spring,45g,63g,1.70 mm,3.60 mm
LEOBOG Wolfberry V2,Linear,PC,Nylon,POM,Plate (3-pin),Stainless Steel Spring,45g,60g,1.90 mm,3.60 mm
LEOBOG Yiling,Linear,Nylon,Nylon,POM,PCB (5-pin),22 mm Two-Stage Stainless Steel Spring,43g,52g,,
LEOBOG Yubai,Linear,Nylon,Nylon,POM,PCB (5-pin),Stainless Steel Spring,36g,48g,,
Lichicx A-Anna,Tactile,,,,PCB (5-pin),Stainless Steel Spring,39g,49g,2.00 mm,3.00 mm
Lichicx Baihao Silent,Linear,Nylon,Nylon,POM,PCB (5-pin),16.5 mm Single-Stage Extension Spring,32.5g,37g,2.00 mm,3.90 mm
Lichicx Durian Ice Cream,Linear,Nylon,Nylon,POM,PCB (5-pin),Stainless Steel Spring,40g,45g,2.00 mm,3.40 mm
Lichicx Gentle V2 Silent,Linear,POK,Nylon,POM,PCB (5-pin),17 mm Single-Stage Spring,49g,58g,2.00 mm,3.80 mm
Lichicx Goodbye,Tactile,POK,Nylon,POM,PCB (5-pin),20 mm Single-Stage Spring,58g,53.5g,,3.00 mm
Lichicx Green Mustard,Linear,Nylon,Nylon,POM,PCB (5-pin),15 mm Stainless Steel Spring,42g,55g,2.00 mm,4.00 mm
Lichicx Huangyan Silent,Linear,Nylon,Nylon,POM,PCB (5-pin),Extension Spring,46g,55g,2.00 mm,3.60 mm
Lichicx I-Irene,Tactile,,,,PCB (5-pin),Stainless Steel Spring,43g,48g,1.90 mm,3.80 mm
Lichicx K-Kira,Linear,,,,PCB (5-pin),Stainless Steel Spring,38g,55g,1.20 mm,3.00 mm
Lichicx L-Lucky,Linear,,,,PCB (5-pin),Stainless Steel Spring,25g,45g,2.00 mm,3.60 mm
Lichicx Lucy Silent,Linear,POK,Nylon,POM,PCB (5-pin),Stainless Steel Spring,42g,55g,1.90 mm,3.70 mm
Lichicx Purple Bamboo,Tactile,Nylon,Nylon,POM,PCB (5-pin),14mm Stainless Steel Spring,45g,60g,2.40 mm,4.00 mm
Lichicx RAW Large Tactile Silent,Tactile,PC,Nylon,POM,PCB (5-pin),Stainless Steel Spring,46g,62g,2.00 mm,4.00 mm
Lichicx RAW Silent,Linear,PC,Nylon,POM,PCB (5-pin),Single-Stage Silver-Plated Spring,46g,57.5g,2.00 mm,4.00 mm
Lichicx RAW Small Tactile Silent,Tactile,PC,Nylon,POM,PCB (5-pin),Stainless Steel Spring,46g,57.5g,2.00 mm,4.00 mm
Lichicx Torch,Linear,POK,Nylon,POM,PCB (5-pin),16 mm Single-Stage Stainless Steel Spring,35g,45g,2.00 mm,4.00 mm
Lichicx Yalasuo,Linear,Nylon,Nylon,POM,PCB (5-pin),20 mm Single-Stage Extension Spring,47g,55g,2.00 mm,3.70 mm
LODK Wind Chime,Linear,PC,Nylon,POM,PCB (5-pin),Stainless Steel Spring,38g,43g,1.60 mm,3.20 mm
Lofree Low Profile Ghost POM,Linear,POM,POM,POM,Plate (3-pin),Stainless Steel Spring,50g,,1.20 mm,2.80 mm
Lofree Low Profile Phantom POM,Tactile,POM,POM,POM,Plate (3-pin),Stainless Steel Spring,45g,,1.60 mm,2.80 mm
Lofree Low Profile Wizard POM,Clicky,POM,POM,POM,Plate (3-pin),Stainless Steel Spring,50g,,1.20 mm,2.80 mm
Logitech Blast,Tactile,,,,Plate (3-pin),Stainless Steel Spring,50g,55g,2.00 mm,4.00 mm
Logitech Cosmos/Daydream,Tactile,,,,Plate (3-pin),Stainless Steel Spring,50g,55g,2.00 mm,4.00 mm
Logitech GL,Clicky,PC,Nylon,POM,PCB (5-pin),Stainless Steel Spring,50g,65g,1.50 mm,2.70 mm
Logitech GL,Linear,PC,Nylon,POM,PCB (5-pin),Stainless Steel Spring,50g,65g,1.50 mm,2.70 mm
Logitech GL,Tactile,PC,Nylon,POM,PCB (5-pin),Stainless Steel Spring,50g,60g,1.50 mm,2.70 mm
Logitech GX Blue,Clicky,PC,Nylon,POM,Plate (3-pin),Stainless Steel Spring,50g,60g,2.00 mm,4.00 mm
Logitech GX Brown,Tactile,PC,Nylon,POM,Plate (3-pin),Stainless Steel Spring,50g,60g,1.90 mm,4.00 mm
Logitech GX Red,Linear,PC,Nylon,POM,Plate (3-pin),Stainless Steel Spring,50g,60g,1.90 mm,4.00 mm
Logitech Heartbreaker,Tactile,,,,Plate (3-pin),Stainless Steel Spring,50g,55g,2.00 mm,4.00 mm
Logitech Mist,Tactile,,,,Plate (3-pin),Stainless Steel Spring,50g,55g,2.00 mm,4.00 mm
Logitech Romer-G,Linear,,,,PCB (5-pin),Stainless Steel Spring,45g,60g,1.50 mm,3.20 mm
Logitech Romer-G,Tactile,,,,PCB (5-pin),Stainless Steel Spring,45g,60g,1.50 mm,3.20 mm
Longhua Black,Linear,PC,Nylon,POM,Plate (3-pin),Stainless Steel Spring,60g,,2.00 mm,4.00 mm
Longhua Blue,Clicky,PC,Nylon,POM,Plate (3-pin),Stainless Steel Spring,50g,60g,1.90 mm,4.00 mm
Longhua Brown,Tactile,PC,Nylon,POM,Plate (3-pin),Stainless Steel Spring,50g,60g,2.00 mm,4.00 mm
Longhua Dustproof Blue,Clicky,PC,Nylon,POM,Plate (3-pin),Stainless Steel Spring,50g,60g,1.90 mm,4.00 mm
Longhua Red,Linear,PC,Nylon,POM,Plate (3-pin),Stainless Steel Spring,50g,,2.00 mm,4.00 mm
Loobed Cotton Candy,Tactile,Nylon,Nylon,POM,PCB (5-pin),19 mm Gold-Plated Spring,48g,58g,,
Loobed Oak,Tactile,POM,POM,POM,PCB (5-pin),20 mm Single-Stage Stainless Steel Spring,,55g,,3.50 mm
Loobed Pine,Linear,POM,POM,POM,PCB (5-pin),20 mm Two-Stage Stainless Steel Spring,,61g,,
LowProKB Choc Ambient Nocturnal,Linear,,,,PCB (5-pin),Stainless Steel Spring,20g,,1.50 mm,
LowProKB Choc Ambient Twilight Silent,Linear,,,,PCB (5-pin),Stainless Steel Spring,35g,,1.50 mm,
LowProKB Choc Sunset,Tactile,,,,PCB (5-pin),Stainless Steel Spring,40g,55g,1.50 mm,3.00 mm
Lumia Lumia,Tactile,Nylon,Nylon,POM,Plate (3-pin),Gold-Plated Spring,55g,62g,,
MageGee Blue Whale,Linear,PC,Nylon,POM,Plate (3-pin),Stainless Steel Spring,38g,50g,1.80 mm,3.80 mm
MageGee White Elephant,Tactile,PC,Nylon,POM,Plate (3-pin),Stainless Steel Spring,40g,55g,2.40 mm,3.80 mm
Makanish Ultramarine V2,Linear,Nylon,Nylon,P3,PCB (5-pin),Stainless Steel Spring,,65g,,
Malvix Studio Irene,Linear,Nylon,Proprietary INK Blend,POM,PCB (5-pin),Stainless Steel Spring,50g,63.5g,,4.00 mm
Maorbeng Cinnamon,Linear,PC,Nylon,POM,Plate (3-pin),18 mm Single-Stage Stainless Steel Spring,47g,52g,1.80 mm,3.20 mm
Maorbeng Purple,Linear,PC,Nylon,POM,Plate (3-pin),19 mm Single-Stage Stainless Steel Spring,38g,42g,1.80 mm,3.20 mm
MarvoDIY Sea Salt Cheese,Linear,PC,Nylon,POM,PCB (5-pin),Stainless Steel Spring,50g,,2.00 mm,4.00 mm
MarvoDIY Sea Salt Cheese Silent,Linear,PC,Nylon,POM,PCB (5-pin),Stainless Steel Spring,50g,,2.00 mm,4.00 mm
Matrix Labs FFF,Linear,PC,Nylon,POM,PCB (5-pin),Gold-Plated Spring,45g,62g,,4.00 mm
Matrix Labs FFFF,Linear,Nylon,Nylon,POM,PCB (5-pin),Gold-Plated Spring,45g,62g,,4.00 mm
MechWild Bluejay,Tactile,HPE,HPE,POM,PCB (5-pin),Stainless Steel Spring,,63.5g,,
MechWild Cardinal,Linear,HPE,HPE,POM,PCB (5-pin),Stainless Steel Spring,,63.5g,,
MEI T-15,Tactile,,,,,Stainless Steel Spring,,,,
Meirun Factory Sample,Linear,Nylon,Nylon,POM,PCB (5-pin),Stainless Steel Spring,55g,,,3.75 mm
Meirun Wisteria - B Stock,Linear,PC,Nylon,POM,PCB (5-pin),15 mm Stainless Steel Spring,,62g,,3.40 mm
MelGeek Ember,Tactile,,,,PCB (5-pin),Gold-Plated Spring,55g,67g,1.90 mm,4.00 mm
MelGeek Plastic,Linear,,,,PCB (5-pin),,,38g,,
Milko-K Coral Orange,Linear,PC,PC,POM,PCB (5-pin),Stainless Steel Spring,,55g,,
Milko-K Quiet Blue,Linear,PC,PC,POM,PCB (5-pin),Stainless Steel Spring,,62g,,
Mintlodica Magic Girl,Linear,PC,Nylon,POM,PCB (5-pin),Three-Stage Stainless Steel Spring,,56g,,
Mintlodica Witch Girl,Tactile,Nylon,Nylon,POM,PCB (5-pin),Three-Stage Stainless Steel Spring,,65g,,
MK Dose (Linear & Tactile),Tactile,PC,PC,POM,,Stainless Steel Spring,,65g,,
MK Holy Llama,Tactile,Nylon,Nylon,POM,PCB (5-pin),Nickel-Plated Spring,55g,70g,,
MK Purple Slush,Linear,Nylon,Nylon,POM,PCB (5-pin),Nickel-Plated Spring,50g,60g,,
MKID Black,Linear,Nylon,Nylon,,PCB (5-pin),Stainless Steel Spring,,,,
MM Mera Mera No Mi,Linear,PC,Nylon,LY,PCB (5-pin),Stainless Steel Spring,,55g,,3.70 mm
MMD Cream,Linear,POM,POM,POM,PCB (5-pin),Stainless Steel Spring,,45g,1.40 mm,3.60 mm
MMD Cream Peach V2,Linear,PC,PC,POM,PCB (5-pin),Stainless Steel Spring,35g,45g,1.60 mm,3.50 mm
MMD Cream V4,Linear,POM,POM,POM,PCB (5-pin),Stainless Steel Spring,45g,55g,1.30 mm,3.60 mm
MMD Dai Bai,Tactile,,,POM,PCB (5-pin),Stainless Steel Spring,47g,55g,1.80 mm,3.60 mm
MMD Fairy,Tactile,PC,PC,PC,PCB (5-pin),21 mm Extension Spring,52g,62g,2.00 mm,3.50 mm
MMD Fairy - 38g,Linear,PC,PC,PC,PCB (5-pin),20 mm Extension Spring,38g,,2.00 mm,3.50 mm
MMD Fairy - 53g,Linear,PC,PC,PC,PCB (5-pin),20 mm Extension Spring,53g,62g,2.00 mm,3.50 mm
MMD Green Apple,Tactile,PC,PC,POM,PCB (5-pin),Stainless Steel Spring,,62g,,3.80 mm
MMD Holy Panda,Tactile,Nylon,Nylon,POM,PCB (5-pin),Stainless Steel Spring,,63.5g,,
MMD Holy Panda V2,Tactile,Nylon,Nylon,POM,PCB (5-pin),Stainless Steel Spring,45g,58g,2.20 mm,3.20 mm
MMD Holy Panda V3,Tactile,PC,Nylon,POM,PCB (5-pin),Stainless Steel Spring,45g,60g,2.20 mm,3.20 mm
MMD Honey,Tactile,POM,POM,POM,PCB (5-pin),Stainless Steel Spring,52g,63.5g,1.80 mm,3.60 mm
MMD Iceberg,Linear,PC,Nylon,POM,Plate (3-pin),Two-Stage Stainless Steel Spring,43g,53g,1.25 mm,3.70 mm
MMD Iceberg V2,Linear,PC,Nylon,POM,Plate (3-pin),Stainless Steel Spring,45g,55g,,
MMD Matcha Ice Cream,Linear,PC,Nylon,POM,PCB (5-pin),Stainless Steel Spring,45g,53g,1.70 mm,3.90 mm
MMD Matcha Ice Cream V3,Linear,PC,Nylon,POM,PCB (5-pin),Stainless Steel Spring,45g,53g,1.60 mm,3.90 mm
MMD MD Lavender Purple Pro,Tactile,PC,Nylon,POM,PCB (5-pin),Stainless Steel Spring,40g,55g,1.90 mm,3.80 mm
MMD Milk Cap,Linear,PC,PC,POM,PCB (5-pin),Stainless Steel Spring,38g,43g,2.00 mm,4.00 mm
MMD Mint Blue,Linear,PC,PC,POM,PCB (5-pin),Stainless Steel Spring,,43g,1.80 mm,3.60 mm
MMD NP V4 - 32g,Linear,PC,PC,LY,PCB (5-pin),Two-Stage Spring,32g,37g,1.90 mm,3.90 mm
MMD NP V4 - 42g,Linear,PC,PC,LY,PCB (5-pin),Two-Stage Spring,42g,48g,1.90 mm,3.90 mm
MMD NP V4 - 50g,Linear,PC,PC,LY,PCB (5-pin),Two-Stage Spring,50g,58g,1.90 mm,3.90 mm
MMD POM HT,Tactile,POM,POM,POM,PCB (5-pin),Stainless Steel Spring,52g,63.5g,1.90 mm,3.60 mm
MMD Princess - 28g,Linear,PC,Nylon,POM,PCB (5-pin),20.4 mm Stainless Steel Extension Spring,28g,36g,2.00 mm,3.60 mm
MMD Princess - 38g,Linear,PC,Nylon,POM,PCB (5-pin),20.4 mm Stainless Steel Extension Spring,38g,46g,2.00 mm,3.60 mm
MMD Princess - 45g,Linear,PC,Nylon,POM,PCB (5-pin),20.4 mm Stainless Steel Extension Spring,45g,53g,2.00 mm,3.60 mm
MMD Princess - 48g,Tactile,PC,Nylon,POM,PCB (5-pin),20.4 mm Stainless Steel Extension Spring,48g,55g,2.00 mm,3.10 mm
MMD Princess - 53g,Linear,PC,Nylon,POM,PCB (5-pin),20.4 mm Stainless Steel Extension Spring,53g,61g,2.00 mm,3.60 mm
MMD Princess - 62g,Tactile,PC,Nylon,POM,PCB (5-pin),20.4 mm Stainless Steel Extension Spring,62g,67g,2.00 mm,3.10 mm
MMD Princess V2,Linear,PC,Nylon,LY,PCB (5-pin),Stainless Steel Spring,,53g,2.00 mm,3.60 mm
MMD Princess V2,Tactile,PC,Nylon,POM,PCB (5-pin),Stainless Steel Spring,50g,60g,2.00 mm,3.10 mm
MMD Sea Salt,Tactile,PC,Nylon,POM,PCB (5-pin),Stainless Steel Spring,47g,65g,2.00 mm,3.60 mm
MMD Tactile,Tactile,PBT,PBT,POM,Plate (3-pin),Stainless Steel Spring,50g,62g,2.00 mm,4.00 mm
MMD Virus Matcha Green V3,Tactile,PC,PC,POM,PCB (5-pin),Stainless Steel Spring,58g,67g,1.60 mm,3.20 mm
MMD Vivian,Linear,Nylon,POM,UPE,PCB (5-pin),Stainless Steel Spring,52g,60g,2.00 mm,3.60 mm
MMD Vivian V2 - 33g,Linear,Nylon,POM,UPE,PCB (5-pin),Stainless Steel Spring,28g,33g,2.00 mm,3.60 mm
MMD Vivian V2 - 40g,Linear,Nylon,POM,UPE,PCB (5-pin),Stainless Steel Spring,35g,40g,2.00 mm,3.60 mm
MMD Vivian V2 - 48g,Linear,Nylon,POM,UPE,PCB (5-pin),Stainless Steel Spring,43g,48g,2.00 mm,3.60 mm
MMD Vivian V2 - 60g,Linear,Nylon,POM,UPE,PCB (5-pin),Stainless Steel Spring,53g,60g,2.00 mm,3.60 mm
Mochi Taro Paste,Linear,PC,Nylon,POM,PCB (5-pin),22 mm Single-Stage Extension Spring,40g,52g,2.00 mm,3.50 mm
Mode Anthracite Silent,Tactile,Nylon,Nylon,POM,PCB (5-pin),19 mm Stainless Steel Spring,,60g,,
Mode Lotus,Linear,Nylon,Nylon,POM,PCB (5-pin),14.5 mm Stainless Steel Spring,,62g,,
Mode Obscura,Linear,Nylon,Nylon,POM,PCB (5-pin),Stainless Steel Spring,,65g,,
Mode Obscura Alexotos Edition,Linear,Nylon,Nylon,POM,PCB (5-pin),Stainless Steel Spring,,58g,,3.40 mm
Mode Reflex,Linear,PC,Nylon,POM,PCB (5-pin),Stainless Steel Spring,,63.5g,,3.90 mm
Mode Signal,Tactile,PC,Nylon,POM,PCB (5-pin),Stainless Steel Spring,,63.5g,,3.90 mm
Mode Tomorrow,Tactile,Nylon,Nylon,POM,PCB (5-pin),Stainless Steel Spring,,60g,,3.30 mm
Moldy Cabbage Yiwu,Linear,POM,POM,POM,PCB (5-pin),Stainless Steel Spring,38g,42g,1.80 mm,3.60 mm
Momoka Christmas Bell,Linear,Nylon,Nylon,POM,PCB (5-pin),Two-Stage Stainless Steel Spring,67g,,1.90 mm,3.90 mm
Momoka Flamingo,Linear,PC,Nylon,POM,Plate (3-pin),Stainless Steel Spring,,,1.90 mm,3.90 mm
Momoka Frog,Linear,PC,Nylon,POM,Plate (3-pin),Stainless Steel Spring,54g,62g,2.50 mm,3.70 mm
Momoka Shark,Tactile,PC,Nylon,POM,PCB (5-pin),Two-Stage Stainless Steel Extension Spring,,60g,2.00 mm,4.00 mm
Monka Star Blue,Linear,POM,Nylon,LY,PCB (5-pin),Stainless Steel Spring,45g,,2.00 mm,3.20 mm
Monka Strawberry Jam,Linear,PC,Nylon,POM,PCB (5-pin),21 mm Stainless Steel Spring,40g,,2.00 mm,3.30 mm
Monstargear Foxtail,Linear,PC,Nylon,POM,PCB (5-pin),Two-Stage Stainless Steel Spring,50g,60g,,4.00 mm
Mountain Linear 45,Linear,PC,Nylon,POM,Plate (3-pin),Stainless Steel Spring,45g,60g,2.00 mm,4.00 mm
Mountain Linear 45 Speed,Linear,PC,Nylon,POM,Plate (3-pin),Stainless Steel Spring,45g,70g,1.10 mm,3.40 mm
Mountain Tactile 55,Tactile,PC,Nylon,POM,Plate (3-pin),Stainless Steel Spring,55g,60g,2.00 mm,4.00 mm
Moyu Studio Betty,Tactile,PC,Nylon,POM,PCB (5-pin),Two-Stage Stainless Steel Spring,,62g,,3.50 mm
Moyu Studio Black Knight Magnetic,Hall Effect,PC,Nylon,POM,,15 mm Korean KOS Steel Spring,45g,55g,,3.60 mm
Moyu Studio Bouquet,Tactile,Nylon,Nylon,POM,PCB (5-pin),Three-Stage Extension Spring,,60g,,
Moyu Studio Commute,Linear,Nylon,Nylon,UPE,PCB (5-pin),Two-Stage Stainless Steel Spring,,65g,,
Moyu Studio EMT,Linear,POM,POM,POM,PCB (5-pin),Two-Stage Stainless Steel Spring,,63.5g,,4.00 mm
Moyu Studio EMT V2,Linear,Nylon,Nylon,POM,PCB (5-pin),Two-Stage Stainless Steel Spring,,58g,,3.70 mm
Moyu Studio Fuyu,Linear,Nylon,Nylon,POM,PCB (5-pin),18 mm Stainless Steel Spring,,58g,,3.50 mm
Moyu Studio Green Snake,Linear,PC,Nylon,POM,PCB (5-pin),20 mm Gold-Plated Extension Spring,,65g,,
Moyu Studio Hades - 42g,Linear,Nylon,Nylon,P3,PCB (5-pin),Three-Stage Gold-Plated Spring,,42g,,3.70 mm
Moyu Studio Hades - 63.5g,Linear,Nylon,Nylon,P3,PCB (5-pin),Three-Stage Gold-Plated Spring,,63.5g,,3.70 mm
Moyu Studio Hera - 48g,Linear,Proprietary Milky Blend,Proprietary Milky Blend,LY,PCB (5-pin),Three-Stage Gold-Plated Spring,,48g,,3.80 mm
Moyu Studio Hera - 60g,Linear,Proprietary Milky Blend,Proprietary Milky Blend,LY,PCB (5-pin),Three-Stage Gold-Plated Spring,,60g,,3.80 mm
Moyu Studio Hoshizora,Linear,Proprietary Milky Blend,Proprietary Milky Blend,P3,PCB (5-pin),Two-Stage Korean KOS Steel Spring,,63.5g,,3.50 mm
Moyu Studio Ice,Tactile,PC,PC,PC,PCB (5-pin),Two-Stage Korean KOS Steel Spring,,63.5g,,4.00 mm
Moyu Studio Ice Matcha,Tactile,PC,PC,POM,PCB (5-pin),Two-Stage Gold-Plated Spring,,68g,,4.00 mm
Moyu Studio Musetsu,Tactile,Proprietary Milky Blend,Nylon,POM,PCB (5-pin),Korean KOS Steel Spring,,60g,,
Moyu Studio Pansy,Tactile,PC,Nylon,POM,PCB (5-pin),Stainless Steel Spring,43g,60g,2.00 mm,3.80 mm
Moyu Studio Poseidon,Linear,Nylon,Nylon,POM,PCB (5-pin),Three-Stage Stainless Steel Spring,55g,60g,2.50 mm,3.30 mm
Moyu Studio Queen,Linear,PC,Nylon,POM,PCB (5-pin),Three-Stage Gold-Plated Spring,,60g,,
Moyu Studio Snow Grape,Linear,Proprietary Milky Blend,Nylon,POM,PCB (5-pin),18 mm Stainless Steel Spring,,58g,,3.80 mm
Moyu Studio Twilight,Tactile,PC,Nylon,POM,PCB (5-pin),Gold-Plated Spring,,67g,,4.00 mm
MS & EZ Dustproof Black,Linear,PC,Nylon,POM,Plate (3-pin),Stainless Steel Spring,60g,,,
MW Box Azure Blue,Linear,,,,Plate (3-pin),Stainless Steel Spring,35g,,,
MW Phoenix Red Brown,Tactile,,,,Plate (3-pin),Stainless Steel Spring,43g,48g,1.80 mm,3.60 mm
MXRSKEY Candy Blinding Lights,Tactile,PC,PC,POM,PCB (5-pin),22 mm Three-Stage Gold-Plated Extension Spring,40g,60g,2.00 mm,4.00 mm
MXRSKEY Candy Blue,Linear,PC,PC,POM,Plate (3-pin),22 mm Three-Stage Gold-Plated Spring,45g,60g,2.00 mm,4.00 mm
MXRSKEY Candy Green,Linear,PC,PC,POM,Plate (3-pin),22 mm Three-Stage Gold-Plated Spring,45g,60g,2.00 mm,4.00 mm
MXRSKEY Candy Orange,Linear,PC,PC,POM,Plate (3-pin),22 mm Three-Stage Gold-Plated Spring,45g,60g,2.00 mm,4.00 mm
MXRSKEY Candy Red,Linear,PC,PC,POM,Plate (3-pin),22 mm Three-Stage Gold-Plated Spring,45g,60g,2.00 mm,4.00 mm
MXRSKEY Candy Transparent,Linear,PC,PC,POM,Plate (3-pin),22 mm Three-Stage Gold-Plated Spring,45g,60g,2.00 mm,4.00 mm
MXRSKEY Candy Turquoise,Linear,PC,PC,POM,Plate (3-pin),22 mm Three-Stage Gold-Plated Spring,45g,60g,2.00 mm,4.00 mm
MXRSKEY Candy Violet,Linear,PC,PC,POM,Plate (3-pin),22 mm Three-Stage Gold-Plated Spring,45g,60g,2.00 mm,4.00 mm
MXRSKEY Candy Yellow,Linear,PC,PC,POM,Plate (3-pin),22 mm Three-Stage Gold-Plated Spring,45g,60g,2.00 mm,4.00 mm
MXRSKEY Skyland,Linear,PC,Nylon,POM,PCB (5-pin),20 mm Two-Stage Stainless Steel Spring,45g,,2.00 mm,3.40 mm
MZ Studio Industrial Orange,Tactile,POM,POM,UPE,PCB (5-pin),Stainless Steel Spring,57g,66g,2.40 mm,3.40 mm
MZ Studio Milk Bean Knight,Linear,LY,POM,POK,PCB (5-pin),20 mm Stainless Steel Spring,,46g,,
MZ Studio Y1 - 28g,Linear,PBT,Nylon,Y1,PCB (5-pin),Stainless Steel Spring,28g,36g,2.00 mm,3.80 mm
MZ Studio Y1 - 42g,Linear,PBT,Nylon,Y1,PCB (5-pin),Stainless Steel Spring,42g,48g,2.00 mm,3.80 mm
MZ Studio Y1 - 49g,Linear,PBT,Nylon,Y1,PCB (5-pin),Stainless Steel Spring,49g,57g,2.00 mm,3.80 mm
MZ Studio Y1X,Linear,Nylon,PBT,Y1,PCB (5-pin),20 mm Single-Stage KOS Extension Spring,48g,53g,2.00 mm,3.60 mm
MZ Studio Y3,Linear,Nylon,Nylon,M3,PCB (5-pin),20 mm Single-Stage KOS Extension Spring,48g,53g,2.00 mm,3.80 mm
MZ Studio Z1 - 32g,Linear,Nylon,Nylon,LY,PCB (5-pin),Stainless Steel Spring,32g,37g,2.00 mm,3.60 mm
MZ Studio Z1 - 40g,Linear,Nylon,Nylon,LY,PCB (5-pin),Stainless Steel Spring,40g,45g,2.00 mm,3.60 mm
MZ Studio Z1 - 48g,Linear,PC,Nylon,LY,PCB (5-pin),22 mm Two-Stage Stainless Steel Spring,48g,53g,2.00 mm,3.60 mm
NEO Lavender Hall Effect,Hall Effect,PC,Nylon,POM,,Stainless Steel Spring,,52g,,3.80 mm
NEO White,Linear,PC,Nylon,LY,PCB (5-pin),Stainless Steel Spring,,58g,2.00 mm,3.60 mm
Neson Design Camping Life,Linear,POM,POM,P3,PCB (5-pin),Stainless Steel Spring,48g,55g,,3.50 mm
NewGiant Black,Linear,PC,Nylon,POM,Plate (3-pin),Stainless Steel Spring,60g,85g,1.90 mm,4.00 mm
NewGiant Blue,Clicky,PC,Nylon,POM,Plate (3-pin),Stainless Steel Spring,30g,60g,2.00 mm,4.00 mm
NewGiant Brown,Tactile,PC,Nylon,POM,Plate (3-pin),Stainless Steel Spring,45g,,,
NewGiant Dustproof Blue,Clicky,PC,Nylon,POM,Plate (3-pin),Stainless Steel Spring,50g,60g,2.00 mm,4.00 mm
NewGiant Dustproof Red,Clicky,PC,Nylon,POM,Plate (3-pin),Stainless Steel Spring,60g,,,
NewGiant Light Blue,Clicky,PC,Nylon,POM,Plate (3-pin),Stainless Steel Spring,70g,,2.50 mm,4.00 mm
NewGiant Red,Linear,PC,Nylon,POM,Plate (3-pin),Stainless Steel Spring,45g,,,
NextTime Bamboo Shoot,Linear,,,,Plate (3-pin),Stainless Steel Spring,45g,60g,2.00 mm,4.00 mm
NextTime Blue Star,Linear,,,,Plate (3-pin),Stainless Steel Spring,48g,60g,2.00 mm,4.00 mm
NextTime Engine V3,Linear,PC,PC,POM,Plate (3-pin),Stainless Steel Spring,42g,60g,2.00 mm,4.00 mm
NextTime Mint Candy,Linear,PC,PC,POM,Plate (3-pin),Stainless Steel Spring,,60g,2.00 mm,4.00 mm
NextTime Watermelon Pro,Linear,PC,PC,POM,Plate (3-pin),Stainless Steel Spring,42g,60g,2.00 mm,4.00 mm
NLandKeys Diamond Avalon,Linear,Nylon,Nylon,POM,PCB (5-pin),Single-Stage Stainless Steel Spring,,58g,2.00 mm,3.80 mm
NovelKeys Blueberry,Tactile,POM,POM,POM,PCB (5-pin),Stainless Steel Spring,55g,80g,3.00 mm,4.00 mm
NovelKeys Box Cream Pro,Linear,POM,POM,POM,PCB (5-pin),Stainless Steel Spring,45g,55g,1.70 mm,4.00 mm
NovelKeys Chocolate Cream,Linear,POM,POM,POM,PCB (5-pin),Stainless Steel Spring,55g,70g,2.00 mm,4.00 mm
NovelKeys Cream,Linear,POM,POM,POM,PCB (5-pin),Stainless Steel Spring,55g,70g,2.00 mm,4.00 mm
NovelKeys Cream Arc,Linear,POM,POM,POM,PCB (5-pin),Stainless Steel Spring,75g,120g,1.90 mm,4.00 mm
NovelKeys Cream Clickie,Clicky,POM,POM,POM,PCB (5-pin),Stainless Steel Spring,55g,75g,1.90 mm,3.90 mm
NovelKeys Cream Launch Edition,Linear,POM,POM,POM,PCB (5-pin),Stainless Steel Spring,50g,63.5g,2.00 mm,4.00 mm
NovelKeys Cream Tactile,Tactile,POM,POM,POM,PCB (5-pin),Stainless Steel Spring,65g,95g,3.00 mm,4.00 mm
NovelKeys Cream+,Linear,POM,POM,POM,PCB (5-pin),Stainless Steel Spring,50g,63.5g,2.00 mm,4.00 mm
NovelKeys Dream Cream,Linear,POM,POM,POM,PCB (5-pin),Stainless Steel Spring,55g,70g,2.00 mm,4.00 mm
NovelKeys Dry Black,Linear,,,,PCB (5-pin),Stainless Steel Spring,55g,72g,2.00 mm,4.00 mm
NovelKeys Dry Red,Linear,,,,PCB (5-pin),Stainless Steel Spring,35g,55g,2.00 mm,4.00 mm
NovelKeys Dry Yellow,Linear,,,,PCB (5-pin),Stainless Steel Spring,45g,63.5g,2.00 mm,4.00 mm
NovelKeys Mint Panda,Linear,Nylon,Nylon,POM,PCB (5-pin),Stainless Steel Spring,50g,60g,,
NovelKeys Novelias,Tactile,PC,Nylon,POM,PCB (5-pin),Kailh Box Spring,55g,90g,,3.60 mm
NovelKeys Polar Panda,Linear,Nylon,Nylon,POM,PCB (5-pin),Stainless Steel Spring,50g,60g,,
NovelKeys Red Panda,Linear,Nylon,Nylon,POM,PCB (5-pin),Stainless Steel Spring,50g,60g,,
NovelKeys Sherbet,Clicky,PC,Nylon,POM,Plate (3-pin),Stainless Steel Spring,45g,70g,2.00 mm,4.00 mm
NovelKeys Silk Awaken Green,Linear,,,,PCB (5-pin),Stainless Steel Spring,45g,63.5g,2.00 mm,4.00 mm
NovelKeys Silk Awaken Pink,Linear,,,,PCB (5-pin),Stainless Steel Spring,45g,63.5g,2.00 mm,4.00 mm
NovelKeys Silk Black,Linear,,,,PCB (5-pin),Stainless Steel Spring,55g,72g,2.00 mm,4.00 mm
NovelKeys Silk Emerald,Linear,,,,PCB (5-pin),Stainless Steel Spring,45g,63.5g,2.00 mm,4.00 mm
NovelKeys Silk Mictlán,Linear,,,,PCB (5-pin),Stainless Steel Spring,45g,63.5g,2.00 mm,4.00 mm
NovelKeys Silk Milkshake,Linear,,,,PCB (5-pin),Stainless Steel Spring,45g,63.5g,2.00 mm,4.00 mm
NovelKeys Silk Oblivion,Linear,,,,PCB (5-pin),Stainless Steel Spring,45g,63.5g,2.00 mm,4.00 mm
NovelKeys Silk Olivia,Linear,,,,PCB (5-pin),Stainless Steel Spring,45g,63.5g,2.00 mm,4.00 mm
NovelKeys Silk Red,Linear,,,,PCB (5-pin),Stainless Steel Spring,35g,55g,2.00 mm,4.00 mm
NovelKeys Silk Tfue,Linear,,,,PCB (5-pin),Stainless Steel Spring,45g,63.5g,2.00 mm,4.00 mm
NovelKeys Silk Yellow,Linear,,,,PCB (5-pin),Stainless Steel Spring,45g,63.5g,2.00 mm,4.00 mm
NovelKeys Transculent Panda - 62g,Linear,PC,PC,POM,PCB (5-pin),Stainless Steel Spring,50g,62g,,
NovelKeys Transculent Panda - 67g,Linear,PC,PC,POM,PCB (5-pin),Stainless Steel Spring,50g,67g,,
NovelKeys White Panda,Linear,Nylon,Nylon,POM,PCB (5-pin),Stainless Steel Spring,50g,60g,,
NPS Jelly,Linear,PC,Nylon,POM,PCB (5-pin),22 mm KOS Korean Stainless Steel Spring,,65g,,3.80 mm
NuPhy Fleeting Gold,Tactile,PC,PC,POK,PCB (5-pin),Stainless Steel Spring,55g,65g,2.00 mm,3.30 mm
NuPhy Lemon,Tactile,PC,Nylon,POM,PCB (5-pin),21 mm Two-Stage Stainless Steel Spring,55g,50g,2.00 mm,3.60 mm
NuPhy Low Profile Aloe,Linear,PC,Nylon,POM,Plate (3-pin),16.5 mm Two-Stage Spring,37g,40g,1.70 mm,3.20 mm
NuPhy Low Profile Cowberry,Linear,PC,Nylon,POM,Plate (3-pin),15 mm Single-Stage Spring,45g,55g,1.20 mm,3.00 mm
NuPhy Low Profile Daisy,Linear,PC,Nylon,POM,Plate (3-pin),16.5 mm Two-Stage Spring,55g,50g,1.70 mm,3.20 mm
NuPhy Low Profile Moss,Tactile,PC,Nylon,POM,Plate (3-pin),16.5 mm Single-Stage Spring,60g,55g,1.70 mm,3.00 mm
NuPhy Low Profile Wisteria,Tactile,PC,Nylon,POM,Plate (3-pin),16.5 mm Two-Stage Spring,55g,50g,1.70 mm,3.20 mm
NuPhy Mint,Linear,PC,Nylon,POM,PCB (5-pin),21 mm Single-Stage Stainless Steel Spring,37g,42g,2.00 mm,3.60 mm
NuPhy Night Breeze,Linear,PC,PC,POK,PCB (5-pin),Stainless Steel Spring,42g,55g,2.00 mm,3.00 mm
NuPhy Polaris,Linear,PC,PC,POK,PCB (5-pin),Stainless Steel Spring,46g,55g,1.20 mm,3.30 mm
NuPhy Raspberry,Linear,PC,Nylon,POM,PCB (5-pin),21 mm Single-Stage Stainless Steel Spring,46g,50g,1.20 mm,3.40 mm
NuPhy Rose Glacier,Tactile,PC,PC,POK,PCB (5-pin),Stainless Steel Spring,60g,55g,2.00 mm,3.30 mm
Okonomiyaki Okomochi,Tactile,Nylon,Nylon,POM,PCB (5-pin),14 mm Gold-Plated Spring,52g,62g,2.00 mm,4.00 mm
Okonomiyaki Pinoko,Linear,PC,PC,POM,PCB (5-pin),Stainless Steel Spring,,65g,,
Old DG Silent,Tactile,Nylon,Nylon,POM,PCB (5-pin),Stainless Steel Spring,39g,55g,1.90 mm,3.80 mm
Old DG Zichuan Silver,Linear,Nylon,Nylon,POM,PCB (5-pin),Stainless Steel Spring,42g,,1.20 mm,3.40 mm
Old DG Zichuan Silver V2,Linear,POK,Nylon,POM,PCB (5-pin),Stainless Steel Spring,45g,58g,1.15 mm,3.40 mm
Old Tom Ice Edge Silent,Tactile,PC,PC,POM,PCB (5-pin),Stainless Steel Spring,,,,3.80 mm
Old Tom Powder Edge Silent,Linear,PC,PC,POM,PCB (5-pin),Stainless Steel Spring,,,,3.80 mm
Omron B3G-S,Tactile,,,,,Stainless Steel Spring,,,,
Originative MOD - H,Tactile,,,,PCB (5-pin),Stainless Steel Spring,62g,78g,,
Originative MOD - H,Linear,,,,PCB (5-pin),Stainless Steel Spring,62g,,,
Originative MOD - L,Tactile,,,,PCB (5-pin),Stainless Steel Spring,45g,62g,,
Originative MOD - L,Linear,,,,PCB (5-pin),Stainless Steel Spring,45g,,,
Originative MOD - M,Tactile,,,,PCB (5-pin),Stainless Steel Spring,55g,68g,,
Originative MOD - M,Linear,,,,PCB (5-pin),Stainless Steel Spring,55g,,,
Originative MOD - SH,Tactile,,,,PCB (5-pin),Stainless Steel Spring,70g,,,
Osume Little Ghost Silent,Linear,Nylon,Nylon,POM,PCB (5-pin),Stainless Steel Spring,63.5g,,,3.50 mm
Osume Matcha,Tactile,Nylon,Nylon,LY,PCB (5-pin),Stainless Steel Spring,55g,,,3.30 mm
Osume Sakura,Linear,Nylon,Nylon,LY,PCB (5-pin),Stainless Steel Spring,55g,,,3.30 mm
Outemu Bailing,Clicky,PC,Nylon,POM,PCB (5-pin),Stainless Steel Spring,50g,60g,2.20 mm,3.50 mm
Outemu Black,Linear,PC,Nylon,POM,Plate (3-pin),Stainless Steel Spring,65g,82g,2.50 mm,4.00 mm
Outemu Blue,Clicky,PC,Nylon,POM,Plate (3-pin),Stainless Steel Spring,50g,,2.20 mm,4.00 mm
Outemu Brown,Tactile,PC,Nylon,POM,Plate (3-pin),Stainless Steel Spring,53g,65g,1.20 mm,4.00 mm
Outemu Cold Plum,Linear,Nylon,Nylon,Nylon,Plate (3-pin),Stainless Steel Spring,60g,70g,2.00 mm,3.30 mm
Outemu Cream Blue,Clicky,Nylon,Nylon,POM,PCB (5-pin),Stainless Steel Spring,50g,65g,2.20 mm,4.00 mm
Outemu Cream Green,Linear,Nylon,Nylon,POM,PCB (5-pin),Stainless Steel Spring,40g,50g,2.00 mm,3.60 mm
Outemu Cream Pink,Linear,Nylon,Nylon,POM,PCB (5-pin),Stainless Steel Spring,50g,65g,2.00 mm,4.00 mm
Outemu Cream Yellow Silent,Tactile,Nylon,Nylon,POM,PCB (5-pin),Stainless Steel Spring,45g,60g,2.00 mm,3.30 mm
Outemu Crystal,Linear,PC,PC,POM,Plate (3-pin),Stainless Steel Spring,45g,55g,2.00 mm,4.00 mm
Outemu Crystal Brown,Tactile,PC,PC,POM,Plate (3-pin),Stainless Steel Spring,45g,65g,2.00 mm,4.00 mm
Outemu Crystal Lime V2 Silent,Tactile,PC,PC,POM,PCB (5-pin),Stainless Steel Spring,35g,,1.80 mm,3.30 mm
Outemu Crystal Red,Linear,PC,PC,POM,Plate (3-pin),Stainless Steel Spring,45g,65g,2.00 mm,4.00 mm
Outemu Dark Purple,Tactile,PC,PC,POM,PCB (5-pin),Stainless Steel Spring,,68g,,
Outemu Dopamine,Linear,Nylon,Nylon,POM,PCB (5-pin),Stainless Steel Spring,40g,50g,2.00 mm,4.00 mm
Outemu Dragon Sing,Linear,PC,Nylon,POM,Plate (3-pin),Stainless Steel Spring,50g,55g,2.00 mm,3.60 mm
Outemu Dragonfruit V3,Linear,POM,POM,POK,PCB (5-pin),21 mm Stainless Steel Spring,40g,50g,2.00 mm,3.30 mm
Outemu Dustproof Black,Linear,PC,Nylon,POM,Plate (3-pin),Stainless Steel Spring,60g,80g,2.00 mm,4.00 mm
Outemu Dustproof Blue,Clicky,PC,Nylon,POM,Plate (3-pin),Stainless Steel Spring,50g,65g,2.20 mm,4.00 mm
Outemu Dustproof Brown,Tactile,PC,Nylon,POM,Plate (3-pin),Stainless Steel Spring,45g,65g,2.00 mm,4.00 mm
Outemu Dustproof Green,Clicky,PC,Nylon,POM,Plate (3-pin),Stainless Steel Spring,65g,80g,2.20 mm,4.00 mm
Outemu Dustproof Ocean Silent,Clicky,PC,Nylon,POM,Plate (3-pin),Stainless Steel Spring,45g,65g,1.60 mm,3.30 mm
Outemu Dustproof Orange,Linear,PC,Nylon,POM,Plate (3-pin),Stainless Steel Spring,,,,
Outemu Dustproof Purple,Tactile,PC,Nylon,POM,Plate (3-pin),Stainless Steel Spring,55g,65g,2.00 mm,4.00 mm
Outemu Dustproof Red,Linear,PC,Nylon,POM,Plate (3-pin),Stainless Steel Spring,45g,60g,2.00 mm,4.00 mm
Outemu Dustproof Silver,Linear,PC,Nylon,POM,Plate (3-pin),Stainless Steel Spring,45g,65g,1.30 mm,4.00 mm
Outemu Dustproof Teal,Clicky,PC,Nylon,POM,Plate (3-pin),Stainless Steel Spring,65g,80g,2.00 mm,4.00 mm
Outemu Dustproof White Silent,Linear,PC,Nylon,POM,Plate (3-pin),Stainless Steel Spring,45g,60g,1.60 mm,4.00 mm
Outemu Dustproof Yellow,Linear,PC,Nylon,POM,Plate (3-pin),Stainless Steel Spring,50g,70g,2.20 mm,4.00 mm
Outemu Forest Silent - 62g,Tactile,PC,Nylon,POM,PCB (5-pin),Stainless Steel Spring,,62g,,
Outemu Forest Silent - 68g,Tactile,PC,Nylon,POM,PCB (5-pin),Stainless Steel Spring,,68g,,
Outemu G Yellow,Linear,PC,Nylon,POM,PCB (5-pin),Stainless Steel Spring,50g,70g,2.20 mm,4.00 mm
Outemu Gold,Clicky,PC,Nylon,POM,Plate (3-pin),Stainless Steel Spring,45g,60g,1.80 mm,4.00 mm
Outemu Gold Pink,Linear,PC,Nylon,POM,Plate (3-pin),Stainless Steel Spring,45g,65g,2.00 mm,4.00 mm
Outemu Green,Clicky,PC,Nylon,POM,Plate (3-pin),Stainless Steel Spring,65g,80g,2.20 mm,4.00 mm
Outemu Green Silent,Linear,PC,PC,POM,Plate (3-pin),Stainless Steel Spring,45g,60g,2.00 mm,4.00 mm
Outemu Grey Silent,Tactile,PC,Nylon,POM,Plate (3-pin),Stainless Steel Spring,50g,65g,1.60 mm,4.00 mm
Outemu Hanny,Linear,POM,POM,POM,PCB (5-pin),Stainless Steel Spring,40g,50g,2.00 mm,3.30 mm
Outemu Honey Peach V2 Silent,Linear,PC,PC,POM,PCB (5-pin),Stainless Steel Spring,40g,,2.00 mm,3.30 mm
Outemu Ice Clear,Tactile,PC,PC,POM,PCB (5-pin),Stainless Steel Spring,,62g,,
Outemu Ice Grey,Tactile,PC,PC,POM,PCB (5-pin),Stainless Steel Spring,,75g,,
Outemu Jade,Clicky,PC,PC,POM,Plate (3-pin),Stainless Steel Spring,40g,55g,2.20 mm,4.00 mm
Outemu Jade Blue,Clicky,Nylon,Nylon,POM,PCB (5-pin),Stainless Steel Spring,50g,65g,2.20 mm,4.00 mm
Outemu Jade Yellow Silent,Tactile,Nylon,Nylon,POM,PCB (5-pin),Stainless Steel Spring,50g,65g,2.00 mm,3.30 mm
Outemu Jelly Pink,Linear,POM,POM,POK,PCB (5-pin),Stainless Steel Spring,40g,50g,2.00 mm,3.40 mm
Outemu Jerry,Clicky,PC,Nylon,POM,Plate (3-pin),Stainless Steel Spring,55g,70g,2.20 mm,4.00 mm
Outemu Lanny,Linear,POM,POM,POM,PCB (5-pin),Stainless Steel Spring,40g,50g,2.00 mm,3.30 mm
Outemu Larks,Clicky,PC,Nylon,POM,PCB (5-pin),Stainless Steel Spring,50g,,2.20 mm,4.00 mm
Outemu Light Purple,Tactile,PC,PC,POM,PCB (5-pin),Stainless Steel Spring,,62g,,
Outemu Lime Silent,Tactile,Nylon,Nylon,POM,Plate (3-pin),Stainless Steel Spring,35g,45g,1.80 mm,3.30 mm
Outemu Lime Silent V2,Tactile,Nylon,Nylon,POM,PCB (5-pin),Stainless Steel Spring,35g,45g,1.80 mm,3.30 mm
Outemu Lime Silent V3,Tactile,Nylon,Nylon,POM,PCB (5-pin),Stainless Steel Spring,35g,45g,1.80 mm,3.30 mm
Outemu Lotus,Linear,Nylon,Nylon,POM,Plate (3-pin),Stainless Steel Spring,35g,50g,2.00 mm,3.30 mm
Outemu Low Profile Black,Linear,PC,Nylon,POM,Plate (3-pin),Stainless Steel Spring,55g,75g,1.20 mm,3.00 mm
Outemu Low Profile Blue,Clicky,PC,Nylon,POM,Plate (3-pin),Stainless Steel Spring,45g,60g,1.20 mm,3.00 mm
Outemu Low Profile Brown,Tactile,PC,Nylon,POM,Plate (3-pin),Stainless Steel Spring,35g,50g,1.50 mm,3.00 mm
Outemu Low Profile Red,Linear,PC,Nylon,POM,Plate (3-pin),Stainless Steel Spring,45g,60g,1.20 mm,3.00 mm
Outemu Magnetic Beige Pink,Linear,Nylon,Nylon,POM,,Stainless Steel Spring,45g,60g,2.00 mm,4.00 mm
Outemu Magnetic Blue,Clicky,PC,Nylon,POM,,Stainless Steel Spring,50g,65g,2.00 mm,4.00 mm
Outemu Magnetic Brown,Tactile,PC,Nylon,POM,,Stainless Steel Spring,40g,60g,2.20 mm,4.00 mm
Outemu Magnetic Pink,Linear,PC,Nylon,POM,,Stainless Steel Spring,50g,60g,2.00 mm,4.00 mm
Outemu Magnetic Red,Linear,PC,Nylon,POM,,Stainless Steel Spring,50g,65g,2.00 mm,4.00 mm
Outemu Maple Leaf,Tactile,Nylon,Nylon,POM,Plate (3-pin),Stainless Steel Spring,55g,65g,2.30 mm,3.30 mm
Outemu Middle Profile Black,Linear,PC,Nylon,POM,Plate (3-pin),Stainless Steel Spring,60g,80g,1.60 mm,4.00 mm
Outemu Middle Profile Blue,Clicky,PC,Nylon,POM,Plate (3-pin),Stainless Steel Spring,50g,60g,1.60 mm,4.00 mm
Outemu Middle Profile Brown,Tactile,PC,Nylon,POM,Plate (3-pin),Stainless Steel Spring,50g,65g,1.60 mm,4.00 mm
Outemu Middle Profile Red,Linear,PC,Nylon,POM,Plate (3-pin),Stainless Steel Spring,50g,60g,1.60 mm,4.00 mm
Outemu Milk Blue,Clicky,PC,Nylon,POM,Plate (3-pin),Stainless Steel Spring,50g,,2.20 mm,4.00 mm
Outemu Milk Peach,Linear,PC,Nylon,POM,Plate (3-pin),Stainless Steel Spring,45g,60g,2.00 mm,3.30 mm
Outemu Milk Tea,Tactile,LY,Nylon,POM,Plate (3-pin),Stainless Steel Spring,45g,,2.00 mm,4.00 mm
Outemu Ocean,Tactile,PC,Nylon,POM,Plate (3-pin),Stainless Steel Spring,55g,,2.20 mm,4.00 mm
Outemu Ocean Silent,Linear,PC,Nylon,POM,Plate (3-pin),Stainless Steel Spring,45g,65g,1.60 mm,4.00 mm
Outemu Optical Dustproof Blue,Clicky,,,,,Stainless Steel Spring,,60g,,
Outemu Orange,Tactile,PC,Nylon,POM,Plate (3-pin),Stainless Steel Spring,50g,65g,2.00 mm,4.00 mm
Outemu Panda,Tactile,PC,Nylon,POM,Plate (3-pin),Stainless Steel Spring,50g,65g,1.80 mm,3.30 mm
Outemu Peach Silent,Linear,Nylon,Nylon,POM,PCB (5-pin),Stainless Steel Spring,40g,50g,2.00 mm,3.30 mm
Outemu Peach Silent V3,Linear,Nylon,Nylon,POM,PCB (5-pin),Stainless Steel Spring,40g,50g,2.00 mm,3.30 mm
Outemu Phoenix - 62g,Clicky,PC,PC,POM,PCB (5-pin),Stainless Steel Spring,,62g,,
Outemu Phoenix - 68g,Clicky,PC,PC,POM,PCB (5-pin),Stainless Steel Spring,,68g,,
Outemu Pink,Linear,Nylon,Nylon,POM,PCB (5-pin),Stainless Steel Spring,45g,65g,2.00 mm,4.00 mm
Outemu Purple,Tactile,PC,Nylon,POM,Plate (3-pin),Stainless Steel Spring,50g,,2.00 mm,4.00 mm
Outemu Red,Linear,PC,Nylon,POM,Plate (3-pin),Stainless Steel Spring,46g,62g,2.10 mm,4.00 mm
Outemu Red Panda,Tactile,PC,Nylon,POM,Plate (3-pin),Stainless Steel Spring,50g,60g,1.80 mm,3.30 mm
Outemu Silver,Linear,PC,Nylon,POM,Plate (3-pin),Stainless Steel Spring,45g,65g,1.60 mm,4.00 mm
Outemu Sky - 62g,Tactile,PC,Nylon,POM,PCB (5-pin),Stainless Steel Spring,,62g,,
Outemu Sky - 68g,Tactile,PC,Nylon,POM,PCB (5-pin),Stainless Steel Spring,,68g,,
Outemu Sky Silent - 62g,Tactile,PC,Nylon,POM,PCB (5-pin),Stainless Steel Spring,,62g,,
Outemu Sky Silent - 68g,Tactile,PC,Nylon,POM,PCB (5-pin),Stainless Steel Spring,,68g,,
Outemu Smokey Blue,Linear,,,POM,Plate (3-pin),Stainless Steel Spring,45g,60g,2.00 mm,4.00 mm
Outemu Smokey Red,Linear,,,POM,Plate (3-pin),Stainless Steel Spring,45g,60g,2.00 mm,4.00 mm
Outemu Spring Breeze,Clicky,Nylon,Nylon,POM,Plate (3-pin),Stainless Steel Spring,40g,55g,1.50 mm,4.00 mm
Outemu Tom Silent,Tactile,PC,Nylon,POM,Plate (3-pin),Stainless Steel Spring,55g,80g,2.20 mm,3.30 mm
Outemu White,Linear,PC,Nylon,POM,Plate (3-pin),Stainless Steel Spring,45g,65g,1.60 mm,4.00 mm
Outemu White Orchid,Linear,PC,Nylon,POM,Plate (3-pin),Stainless Steel Spring,40g,50g,2.00 mm,4.00 mm
Outemu White Silent,Linear,PC,Nylon,POM,Plate (3-pin),Stainless Steel Spring,45g,60g,1.60 mm,3.30 mm
Outemu Yellow Silent,Linear,PC,Nylon,POM,Plate (3-pin),Stainless Steel Spring,45g,60g,2.20 mm,4.00 mm
Outemu Yellow Silver,Linear,PC,Nylon,POM,Plate (3-pin),Stainless Steel Spring,45g,55g,1.30 mm,4.00 mm
Outva Yang,Linear,Nylon,Nylon,POM,PCB (5-pin),Stainless Steel Spring,46g,58,2.00 mm,3.70 mm
Outva Yin,Tactile,Nylon,Nylon,POM,PCB (5-pin),Stainless Steel Spring,65g,60g,2.00 mm,3.50 mm
Owlab Latte,Linear,POK,Nylon,POM,PCB (5-pin),20 mm Two-Stage Extension Spring,45g,58g,,3.60 mm
Owlab London Fog,Linear,PC,PC,UPE,PCB (5-pin),Stainless Steel Spring,,55g,,3.60 mm
Owlab Neo White,Linear,PC,Nylon,LY,PCB (5-pin),Stainless Steel Spring,,58g,2.00 mm,3.60 mm
Owlab Neon,Linear,Nylon,Nylon,POM,PCB (5-pin),20 mm Two-Stage Stainless Steel Spring,,62g,2.00 mm,3.50 mm
Owlab Tungsten,Linear,Nylon,Nylon,POM,PCB (5-pin),Gold-Plated Spring,,63g,,
Oxford Micro Orange Optical,Clicky,,,,,Stainless Steel Spring,,,,
Paigu Cheese Mocha,Linear,Nylon,Nylon,POM,PCB (5-pin),Two-Stage Stainless Steel Spring,30g,43g,1.30 mm,3.60 mm
PangHu Giant V2,Linear,PC,PC,POM,PCB (5-pin),Gold-Plated Stainless Steel Spring,,62g,,
PangHu Giant V4 Frosties,Linear,PC,Nylon,POM,PCB (5-pin),Gold-Plated Extension Spring,,58g,,
PangHu Giant V5,Linear,UHMWPE,Nylon,UHMWPE,PCB (5-pin),Stainless Steel Spring,,63.5g,,
PangHu Giant V5 Pink,Linear,PME,Nylon,UHMWPE,PCB (5-pin),Stainless Steel Spring,,63.5g,,
PangHu Giant V6,Linear,HPE,HPE,POM,PCB (5-pin),16 mm Gold-Plated Spring,,62g,,3.30 mm
PangHu Gift,Linear,PME,Nylon,UHMWPE,PCB (5-pin),16 mm Gold-Plated Spring,,63.5g,,
Pantheon Purity,Tactile,PBT,PBT,,PCB (5-pin),Stainless Steel Spring,60g,65g,,
Parallel Opal,Linear,Nylon,Nylon,POM,PCB (5-pin),Stainless Steel Spring,,62g,,4.00 mm
PBS23 Green,Linear,,,,,Stainless Steel Spring,,,,
PH Studio Aniya,Linear,POM,POM,LY,PCB (5-pin),20 mm Single-Stage Extension Spring,42g,50g,2.00 mm,3.20 mm
PH Studio Bocchi,Linear,PC,Nylon,POM,PCB (5-pin),22 mm Single-Stage Extension Spring,40g,46g,,3.50 mm
PH Studio Jacaranda,Linear,PC,Nylon,POM,PCB (5-pin),22 mm Single-Stage Extension Spring,39g,45g,2.00 mm,3.50 mm
PH Studio Little Rabbit,Linear,Nylon,Nylon,LY,PCB (5-pin),Stainless Steel Spring,37g,45g,,3.60 mm
PH Studio Milk Tea,Linear,POM,POM,LY,PCB (5-pin),22 mm Single-Stage Extension Spring,37.5g,43.5g,2.00 mm,3.60 mm
PH Studio Yoel,Linear,PC,POM,LY,PCB (5-pin),20 mm Single-Stage Extension Spring,53g,60g,2.00 mm,3.20 mm
Philikey Green/Grey,Tactile,PC,Nylon,POM,Plate (3-pin),Stainless Steel Spring,55g,70g,2.00 mm,4.00 mm
Philikey Peach Silent,Linear,PC,Nylon,POM,PCB (5-pin),Stainless Steel Spring,32g,42g,1.60 mm,3.50 mm
Philikey Pink Cloud,Linear,POM,POM,POM,PCB (5-pin),Stainless Steel Spring,30g,40g,1.50 mm,3.60 mm
Philikey Rainbow,Linear,PC,PC,POM,PCB (5-pin),Stainless Steel Spring,40g,45g,1.60 mm,3.50 mm
Philikey Red/Green,Tactile,PC,Nylon,POM,Plate (3-pin),Stainless Steel Spring,40g,45g,2.00 mm,4.00 mm
Phoenix Axis L8,Linear,PC,PC,PC,PCB (5-pin),Stainless Steel Spring,43g,,1.80 mm,3.60 mm
Piifox Dark Warbler,Linear,PC,PC,POM,Plate (3-pin),Stainless Steel Spring,45g,53g,1.90 mm,4.00 mm
Piifox Pink Warbler,Linear,PC,PC,POM,Plate (3-pin),Stainless Steel Spring,42g,50g,1.90 mm,4.00 mm
PK Cluck,Tactile,PBT,Nylon,POM,PCB (5-pin),22 mm Stainless Steel Extension Spring,,60g,,3.00 mm
PK Sora,Linear,PBT,Nylon,POM,PCB (5-pin),22 mm Stainless Steel Extension Spring,,60g,,3.00 mm
pkkeys Misu,Linear,PC,Nylon,POM,PCB (5-pin),22 mm Stainless Steel Spring,,63.5g,,
Prevail Epsilon,Linear,Nylon,Nylon,P3,PCB (5-pin),18 mm Gold-Plated Extension Spring,42g,68g,2.00 mm,4.00 mm
Prevail Nebula,Linear,Nylon,Nylon,LY,PCB (5-pin),19 mm Stainless Steel Extension Spring,42g,68g,2.00 mm,4.00 mm
PrimeKB T1 Opaque - 62g,Tactile,Nylon,Nylon,POM,PCB (5-pin),Stainless Steel Spring,,62g,,
PrimeKB T1 Opaque - 65g,Tactile,Nylon,Nylon,POM,PCB (5-pin),Stainless Steel Spring,,65g,,
PrimeKB T1 Translucent - 62g,Tactile,Nylon,Nylon,POM,PCB (5-pin),Stainless Steel Spring,,62g,,
PrimeKB T1 Translucent - 67g,Tactile,Nylon,Nylon,POM,PCB (5-pin),Stainless Steel Spring,,67g,,
Protozoa Studio Moss - 62g,Linear,PC,Nylon,POM,PCB (5-pin),Gold-Plated Spring,,62g,,
Protozoa Studio Moss - 67g,Linear,PC,Nylon,POM,PCB (5-pin),Gold-Plated Spring,,67g,,
Protozoa Studio Nightcall Silent,Linear,PC,Nylon,POM,PCB (5-pin),Stainless Steel Spring,,66g,,
Protozoa Studio Solaris,Tactile,PC,Nylon,POM,PCB (5-pin),Stainless Steel Spring,,66g,,
ProWorld Cherry MX Clone,Clicky,,,,Plate (3-pin),Stainless Steel Spring,90g,,,
ProWorld Cherry MX Clone,Linear,,,,Plate (3-pin),Stainless Steel Spring,90g,,,
Pryzma Java,Linear,Nylon,Nylon,POM,PCB (5-pin),20 mm Stainless Steel Spring,52g,57g,,3.50 mm
Pryzma Seafoam,Linear,Nylon,Nylon,POM,PCB (5-pin),20 mm Stainless Steel Spring,58g,63g,,3.50 mm
Punkshoo Indulgence,Linear,PBT,POK,POM,PCB (5-pin),Stainless Steel Spring,,60g,,3.80 mm
Qeeke Begonia,Linear,PC,Nylon,POM,PCB (5-pin),Stainless Steel Spring,45g,55g,2.00 mm,3.40 mm
Qeeke Mica,Linear,POM,POM,POM,PCB (5-pin),Stainless Steel Spring,,,,
Qtuo Studio Milk Candy Blue,Linear,PC,PBT,UHMWPE,PCB (5-pin),22 mm KOS Steel Extension Spring,38g,48g,2.00 mm,3.50 mm
Qtuo Studio Milk Candy Pink,Linear,PC,PBT,UHMWPE,PCB (5-pin),22 mm KOS Steel Extension Spring,38g,48g,2.00 mm,3.50 mm
Qtuo Studio Milk Candy Yellow,Linear,PC,PBT,UHMWPE,PCB (5-pin),22 mm KOS Steel Extension Spring,38g,48g,2.00 mm,3.50 mm
Qtuo Studio Mitarashi Dango,Linear,LY,LY,POM,PCB (5-pin),21 mm Stainless Steel Spring,,60g,,3.80 mm
Qtuo Studio Strawberry Shortcake,Linear,Q1,,P3,PCB (5-pin),Two-Stage Stainless Steel Spring,,42g,2.00 mm,3.60 mm
QwertyKeys QK01,Linear,POM,POM,POM,PCB (5-pin),Stainless Steel Spring,42g,55g,2.00 mm,3.50 mm
Qwertyqop Hoshizora,Linear,,,P3,PCB (5-pin),Two-Stage Stainless Steel Spring,,63.5g,,3.50 mm
Qwertyqop Musetsu,Tactile,,,,PCB (5-pin),Stainless Steel Spring,,60g,,3.50 mm
Qwertyqop Quartz V1,Linear,PC,Nylon,P3,PCB (5-pin),Stainless Steel Spring,,63.5g,2.00 mm,3.50 mm
Qwertyqop Quartz V2,Linear,PC,Nylon,P3,PCB (5-pin),Korean KOS Steel Spring,,63.5g,2.00 mm,3.50 mm
Qwertyqop W1 Diamond,Linear,Nylon,Nylon,POM,PCB (5-pin),Stainless Steel Spring,45g,55g,,4.00 mm
Qwertyqop Yellow Fruit Diamond,Linear,PC,Nylon,POM,PCB (5-pin),21.5 mm Stainless Steel Spring,37g,45g,1.90 mm,3.60 mm
Raccazr KU Brown,Tactile,,,,Plate (3-pin),Stainless Steel Spring,36g,55g,2.00 mm,4.00 mm
Raccazr KU Orange,Linear,,,,Plate (3-pin),Stainless Steel Spring,45g,48g,1.80 mm,3.50 mm
Raininkeys Karman,Linear,POK,PBT,UPE,PCB (5-pin),Stainless Steel Spring,50g,65g,1.80 mm,3.80 mm
Rama Works Duck,Linear,PC,Nylon,POM,PCB (5-pin),Two-Stage Stainless Steel Spring,62g,70g,2.00 mm,3.70 mm
Rapoo Black,Linear,Nylon,Nylon,POM,Plate (3-pin),Stainless Steel Spring,,60g,,4.00 mm
Rapoo Blue,Clicky,Nylon,Nylon,POM,Plate (3-pin),Stainless Steel Spring,,60g,,4.00 mm
Rapoo Brown,Tactile,Nylon,Nylon,POM,Plate (3-pin),Stainless Steel Spring,,55g,,4.00 mm
Rapoo Yellow,Linear,Nylon,Nylon,POM,Plate (3-pin),Stainless Steel Spring,,50g,,4.00 mm
Razer Green,Clicky,,,,Plate (3-pin),Stainless Steel Spring,50g,,1.90 mm,4.00 mm
Razer Optical,Linear,,,,Plate (3-pin),Stainless Steel Spring,45g,70g,1.20 mm,3.50 mm
Razer Optical,Clicky,,,,Plate (3-pin),Stainless Steel Spring,45g,70g,1.50 mm,3.50 mm
Razer Orange,Tactile,,,,Plate (3-pin),Stainless Steel Spring,50g,,2.00 mm,4.00 mm
Razer Yellow,Linear,,,,Plate (3-pin),Stainless Steel Spring,45g,,1.20 mm,3.50 mm
Readson K Yellow,Linear,PC,Nylon,POM,Plate (3-pin),Stainless Steel Spring,45g,55g,2.00 mm,4.00 mm
Readson Silver,Linear,PC,Nylon,POM,Plate (3-pin),Stainless Steel Spring,45g,55g,1.20 mm,3.40 mm
Rebult Harimau,Tactile,Nylon,Nylon,POM,PCB (5-pin),18 mm Stainless Steel Spring,,67g,2.40 mm,
Rebult Penyu,Linear,Nylon,Nylon,,PCB (5-pin),Stainless Steel Spring,,62g,2.10 mm,
Redragon Bean,Linear,PC,PC,POM,Plate (3-pin),Stainless Steel Spring,45g,65g,2.00 mm,4.00 mm
Redragon Carnation,Clicky,PC,PC,POM,Plate (3-pin),Stainless Steel Spring,45g,60g,2.00 mm,4.00 mm
Redragon Crystal Panda,Tactile,PC,PC,PC,Plate (3-pin),Stainless Steel Spring,60g,,2.30 mm,3.30 mm
Redragon Cypress,Clicky,,,POM,Plate (3-pin),Stainless Steel Spring,55g,65g,1.70 mm,3.40 mm
Redragon Dustproof Black,Linear,PC,Nylon,POM,Plate (3-pin),Stainless Steel Spring,80g,,,
Redragon Dustproof Blue,Clicky,PC,Nylon,POM,Plate (3-pin),Stainless Steel Spring,60g,,,
Redragon Dustproof Brown,Tactile,PC,Nylon,POM,Plate (3-pin),Stainless Steel Spring,60g,,,
Redragon Dustproof Purple,Tactile,PC,Nylon,POM,Plate (3-pin),Stainless Steel Spring,60g,,,
Redragon Dustproof Red,Linear,PC,Nylon,POM,Plate (3-pin),Stainless Steel Spring,60g,,,
Redragon Dustproof SMD Brown,Tactile,PC,Nylon,POM,Plate (3-pin),Stainless Steel Spring,60g,,,
Redragon Gold-Melt,Linear,,,,Plate (3-pin),Stainless Steel Spring,42g,,2.00 mm,4.00 mm
Redragon Leopard,Linear,,,,PCB (5-pin),Stainless Steel Spring,45g,55g,2.00 mm,3.60 mm
Redragon Lime Silent,Tactile,,,,Plate (3-pin),Stainless Steel Spring,35g,50g,1.80 mm,3.30 mm
Redragon Lion,Linear,,,,PCB (5-pin),Stainless Steel Spring,40g,50g,2.00 mm,3.30 mm
Redragon Maple,Linear,,,POM,Plate (3-pin),Stainless Steel Spring,45g,55g,1.30 mm,3.50 mm
Redragon Mint Lemon,Linear,PC,Nylon,POM,PCB (5-pin),Stainless Steel Spring,37g,45g,2.00 mm,3.80 mm
Redragon Neon,Linear,,,,Plate (3-pin),Stainless Steel Spring,40g,50g,2.00 mm,4.00 mm
Redragon Panda,Tactile,PC,Nylon,POM,Plate (3-pin),Stainless Steel Spring,35g,45g,2.00 mm,3.80 mm
Redragon Parrot,Clicky,,,,Plate (3-pin),Stainless Steel Spring,40g,50g,2.00 mm,4.00 mm
Redragon Peach Silent,Linear,,,,Plate (3-pin),Stainless Steel Spring,40g,45g,2.00 mm,3.30 mm
Redragon Purple,Tactile,,,,Plate (3-pin),Stainless Steel Spring,35g,,1.80 mm,3.30 mm
Redragon Red,Linear,PC,Nylon,POM,Plate (3-pin),Stainless Steel Spring,50g,,2.00 mm,4.00 mm
Redragon Rose Silent,Linear,,,,Plate (3-pin),Stainless Steel Spring,40g,50g,2.30 mm,3.50 mm
Redragon Sapphire,Tactile,PC,Nylon,POM,PCB (5-pin),Stainless Steel Spring,40g,60g,2.00 mm,3.80 mm
Redragon Silver,Linear,,,,Plate (3-pin),Stainless Steel Spring,35g,45g,1.30 mm,4.00 mm
Redragon Stars Silent,Tactile,,,,Plate (3-pin),Stainless Steel Spring,40g,55g,2.30 mm,3.30 mm
Redragon Tiger,Linear,POM,POM,UPE,Plate (3-pin),Stainless Steel Spring,50g,60g,2.00 mm,4.00 mm
Redragon Tiger,Tactile,POM,POM,UPE,Plate (3-pin),Stainless Steel Spring,45g,60g,2.00 mm,4.00 mm
Redragon Transparent,Linear,,,,Plate (3-pin),Stainless Steel Spring,42g,,1.50 mm,3.60 mm
Redragon Wukong,Tactile,,,,Plate (3-pin),Stainless Steel Spring,50g,65g,1.80 mm,3.30 mm
Revo Pink,Tactile,PC,,,PCB (5-pin),Stainless Steel Spring,,62g,,
RK Amber,Linear,Nylon,Nylon,POM,PCB (5-pin),Stainless Steel Spring,45g,55g,2.00 mm,4.00 mm
RK Aqua,Linear,Nylon,Nylon,POM,Plate (3-pin),Stainless Steel Spring,41g,48g,1.90 mm,4.00 mm
RK Biluo,Linear,POM,POM,LY,PCB (5-pin),Stainless Steel Spring,42g,,2.00 mm,3.40 mm
RK Brown,Tactile,PC,Nylon,POM,PCB (5-pin),Stainless Steel Spring,45g,55g,2.00 mm,4.00 mm
RK Celadon,Linear,PC,Nylon,POM,Plate (3-pin),Stainless Steel Spring,45g,60g,2.00 mm,4.00 mm
RK Chartreuse,Linear,Nylon,Nylon,POM,Plate (3-pin),Stainless Steel Spring,45g,55g,2.00 mm,3.40 mm
RK Cloud,Linear,PC,Nylon,POM,PCB (5-pin),Stainless Steel Spring,45g,,2.00 mm,3.40 mm
RK Evening Star,Linear,Nylon,Nylon,POM,Plate (3-pin),Stainless Steel Spring,41g,48g,1.90 mm,4.00 mm
RK Golden Purple,Linear,PC,Nylon,POM,Plate (3-pin),Stainless Steel Spring,45g,60g,2.00 mm,4.00 mm
RK Latte,Linear,PC,Nylon,POM,PCB (5-pin),Stainless Steel Spring,45g,60g,2.00 mm,4.00 mm
RK Low Profile Brown,Tactile,PC,Nylon,POM,PCB (5-pin),Stainless Steel Spring,,,1.20 mm,
RK Low Profile Red,Linear,PC,Nylon,POM,PCB (5-pin),Stainless Steel Spring,,,1.20 mm,
RK Low Profile White,Clicky,PC,Nylon,POM,PCB (5-pin),Stainless Steel Spring,,,1.30 mm,
RK Milky White,Tactile,PC,Nylon,POM,PCB (5-pin),Stainless Steel Spring,45g,60g,2.00 mm,4.00 mm
RK Misty,Linear,PC,Nylon,POM,Plate (3-pin),Stainless Steel Spring,40g,45g,2.00 mm,4.00 mm
RK Pink,Linear,PC,Nylon,POM,PCB (5-pin),Stainless Steel Spring,40g,53g,2.00 mm,4.00 mm
RK Red,Linear,PC,Nylon,POM,PCB (5-pin),Stainless Steel Spring,45g,60g,2.00 mm,4.00 mm
RK Ruyin,Linear,Nylon,Nylon,POM,Plate (3-pin),Stainless Steel Spring,41g,48g,1.90 mm,4.00 mm
RK Sakura,Linear,PC,Nylon,POM,Plate (3-pin),Stainless Steel Spring,45g,60g,2.00 mm,4.00 mm
RK Sea Blue,Linear,PC,Nylon,POM,Plate (3-pin),Stainless Steel Spring,45g,60g,2.00 mm,4.00 mm
RK Shimmer,Linear,Nylon,Nylon,POM,Plate (3-pin),Stainless Steel Spring,41g,48g,1.90 mm,4.00 mm
RK Silver,Linear,PC,Nylon,POM,PCB (5-pin),Stainless Steel Spring,48g,60g,1.30 mm,3.40 mm
RK Skyscan,Linear,PC,Nylon,POM,Plate (3-pin),Stainless Steel Spring,50g,60g,2.00 mm,4.00 mm
RK Warrior,Linear,Nylon,Nylon,POM,Plate (3-pin),Stainless Steel Spring,41g,48g,1.90 mm,4.00 mm
RK White Night,Linear,Nylon,Nylon,POM,Plate (3-pin),Stainless Steel Spring,41g,48g,1.90 mm,4.00 mm
RK Yellow,Linear,PC,Nylon,POM,PCB (5-pin),Stainless Steel Spring,45g,65g,2.00 mm,4.00 mm
Roccat Titan Brown,Linear,PC,Nylon,POM,Plate (3-pin),Stainless Steel Spring,45g,,1.80 mm,3.60 mm
Roccat Titan Red,Linear,PC,Nylon,POM,Plate (3-pin),Stainless Steel Spring,45g,,1.40 mm,3.60 mm
Sakura Workshop Rim,Linear,PME,Nylon,HPE,PCB (5-pin),Two-Stage Gold-Plated Spring,,60g,,3.70 mm
Sarokeys BCP,Linear,Nylon,Nylon,POM,PCB (5-pin),22 mm Single-Stage Extension Spring,51g,57g,1.30 mm,3.20 mm
Sarokeys Berry Latte,Linear,POK,Nylon,POM,PCB (5-pin),20 mm Single-Stage Spring,45g,50g,2.00 mm,3.60 mm
Sarokeys OG,Linear,PC,Nylon,POM,PCB (5-pin),Stainless Steel Spring,35g,45g,,3.50 mm
Sarokeys Purple Sakura,Tactile,PC,Nylon,POM,PCB (5-pin),22 mm Single-Stage Extension Spring,50g,60g,1.80 mm,3.20 mm
Sarokeys Strawberry Milkshake S,Linear,Nylon,Nylon,POM,PCB (5-pin),Stainless Steel Spring,,52g,2.00 mm,3.80 mm
Sarokeys Strawberry Wine,Linear,POM,Nylon,UPE,PCB (5-pin),21 mm Single-Stage Extension Spring,,50g,2.00 mm,3.40 mm
Sarokeys Strawberry Wine (V2),Linear,LY,Nylon,Y3,PCB (5-pin),21 mm Single-Stage Extension Spring,45g,52g,2.00 mm,3.60 mm
Saturn Studios Búri Diamond,Linear,Nylon,Nylon,POM,PCB (5-pin),Stainless Steel Spring,45g,55g,1.90 mm,3.80 mm
Saybour Optical Blue,Clicky,,,,,Stainless Steel Spring,,,,
SG Apple Pie,Linear,Nylon,POM,LY,PCB (5-pin),Stainless Steel Spring,41g,55g,2.00 mm,3.20 mm
Skyloong Chocolate Blue,Clicky,PC,PC,POM,PCB (5-pin),Stainless Steel Spring,55g,,2.00 mm,4.00 mm
Skyloong Chocolate Brown,Tactile,PC,PC,POM,PCB (5-pin),Stainless Steel Spring,55g,,2.00 mm,4.00 mm
Skyloong Chocolate Lemon,Linear,PC,PC,POM,PCB (5-pin),Stainless Steel Spring,45g,,1.20 mm,3.80 mm
Skyloong Chocolate Milk,Linear,PC,PC,POM,PCB (5-pin),Stainless Steel Spring,35g,,2.00 mm,4.00 mm
Skyloong Chocolate Red,Linear,PC,PC,POM,PCB (5-pin),Stainless Steel Spring,45g,,2.00 mm,4.00 mm
Skyloong Chocolate Rose,Tactile,PC,PC,POM,PCB (5-pin),Stainless Steel Spring,65g,,2.00 mm,4.00 mm
Skyloong Chocolate Silver,Linear,PC,PC,POM,PCB (5-pin),Stainless Steel Spring,45g,,1.20 mm,4.00 mm
Skyloong Geek Purple,Linear,PC,PC,POM,PCB (5-pin),Stainless Steel Spring,40g,,2.00 mm,3.40 mm
Skyloong Geek Silver,Linear,PC,PC,POM,PCB (5-pin),Stainless Steel Spring,45g,,1.20 mm,3.40 mm
Skyloong Glacier Brown,Tactile,PC,PC,POM,PCB (5-pin),Stainless Steel Spring,55g,,2.00 mm,3.80 mm
Skyloong Glacier Clove Silent,Tactile,PC,PC,POM,PCB (5-pin),Stainless Steel Spring,55g,,2.00 mm,3.80 mm
Skyloong Glacier Copper Silent,Linear,PC,PC,POM,PCB (5-pin),Stainless Steel Spring,48g,60g,2.00 mm,3.80 mm
Skyloong Glacier Rose,Tactile,PC,PC,POM,PCB (5-pin),Stainless Steel Spring,65g,,2.00 mm,3.80 mm
Skyloong Loong2 Lavender,Linear,PC,Nylon,POM,PCB (5-pin),Stainless Steel Spring,40g,,1.90 mm,3.60 mm
Skyloong Loong2 Speed Silver,Linear,PC,Nylon,POM,PCB (5-pin),Stainless Steel Spring,45g,,1.20 mm,3.60 mm
Skyloong Optical Blue V3,Clicky,PC,ABS,POM,,Stainless Steel Spring,55g,60g,2.00 mm,3.70 mm
Skyloong Optical Brown V3,Tactile,PC,ABS,POM,,Stainless Steel Spring,55g,70g,1.80 mm,3.50 mm
Skyloong Optical Green V3,Tactile,PC,ABS,POM,,Stainless Steel Spring,55g,65g,1.20 mm,3.50 mm
Skyloong Optical Red V3,Linear,PC,ABS,POM,,Stainless Steel Spring,50g,60g,1.20 mm,3.50 mm
Skyloong Optical Silver V3,Linear,PC,ABS,POM,,Stainless Steel Spring,48g,60g,1.20 mm,3.50 mm
Skyloong Optical Yellow V3,Linear,PC,ABS,POM,,Stainless Steel Spring,38g,45g,1.20 mm,3.50 mm
Skyloong Rose Pink,Linear,PC,Nylon,POM,PCB (5-pin),Stainless Steel Spring,38g,,1.90 mm,3.50 mm
Skyloong Rose Silver,Linear,PC,Nylon,POM,PCB (5-pin),Stainless Steel Spring,45g,,1.20 mm,3.50 mm
Skyloong Sea Salt Blue,Tactile,PC,Nylon,POM,PCB (5-pin),Stainless Steel Spring,38g,,1.90 mm,3.50 mm
SP-Star Arctic Orange,Tactile,Nylon,Nylon,POM,PCB (5-pin),Stainless Steel Spring,,,,4.00 mm
SP-Star Arctic Pink Silent,Linear,Nylon,Nylon,POM,PCB (5-pin),Stainless Steel Spring,43g,53g,1.80 mm,4.00 mm
SP-Star Arctic White,Linear,Nylon,Nylon,POM,PCB (5-pin),Stainless Steel Spring,45g,50g,2.00 mm,3.50 mm
SP-Star Ayara,Linear,Nylon,Nylon,POM,PCB (5-pin),Two-Stage Spring,50g,62g,2.00 mm,4.00 mm
SP-Star Blue Pink,Linear,Nylon,Nylon,POM,PCB (5-pin),Two-Stage Spring,,62g,2.00 mm,4.00 mm
SP-Star Duck,Tactile,PC,PC,POM,PCB (5-pin),Gold-Plated Spring,42g,57g,2.00 mm,4.00 mm
SP-Star Dustproof Grey,Linear,Nylon,Nylon,POM,Plate (3-pin),Gold-Plated Spring,,,,4.00 mm
SP-Star Dustproof Orange,Tactile,Nylon,Nylon,POM,Plate (3-pin),Stainless Steel Spring,,,,4.00 mm
SP-Star Dustproof Purple,Tactile,Nylon,Nylon,POM,Plate (3-pin),Gold-Plated Spring,,,,4.00 mm
SP-Star Dustproof White,Linear,Nylon,Nylon,POM,Plate (3-pin),Stainless Steel Spring,,,,4.00 mm
SP-Star Konmomo,Tactile,PC,PC,POM,PCB (5-pin),Stainless Steel Spring,,65g,2.00 mm,4.00 mm
SP-Star Luminous Cyber,Linear,PC,PC,POM,PCB (5-pin),Stainless Steel Spring,47g,62g,2.00 mm,4.00 mm
SP-Star Magic Girl - Classic,Tactile,Nylon,Nylon,POM,PCB (5-pin),Stainless Steel Spring,,67g,2.00 mm,4.00 mm
SP-Star Magic Girl - Dark,Tactile,Nylon,Nylon,POM,PCB (5-pin),Stainless Steel Spring,,67g,2.00 mm,4.00 mm
SP-Star Marble Soda,Linear,PC,PC,POM,PCB (5-pin),Stainless Steel Spring,40g,55g,2.00 mm,4.00 mm
SP-Star Marble Soda - Melon,Linear,Nylon,Nylon,POM,PCB (5-pin),Stainless Steel Spring,57g,72g,2.00 mm,4.00 mm
SP-Star Meteor Grey,Linear,Nylon,Nylon,POM,PCB (5-pin),Stainless Steel Spring,47g,67g,2.00 mm,4.00 mm
SP-Star Meteor Orange,Tactile,Nylon,Nylon,POM,PCB (5-pin),Stainless Steel Spring,40g,57g,2.00 mm,4.00 mm
SP-Star Meteor Purple,Tactile,Nylon,Nylon,POM,PCB (5-pin),Stainless Steel Spring,50g,67g,2.00 mm,4.00 mm
SP-Star Meteor V3,Linear,Nylon,Nylon,POM,PCB (5-pin),Single-Stage Stainless Steel Spring,,63.5g,,
SP-Star Meteor White,Linear,Nylon,Nylon,POM,PCB (5-pin),Stainless Steel Spring,40g,57g,2.00 mm,4.00 mm
SP-Star Polaris Grey,Linear,PC,PC,POM,PCB (5-pin),Gold-Plated Spring,55g,67g,2.00 mm,4.00 mm
SP-Star Polaris Orange,Tactile,PC,PC,POM,PCB (5-pin),Gold-Plated Spring,45g,57g,2.00 mm,4.00 mm
SP-Star Polaris Purple,Tactile,PC,PC,POM,PCB (5-pin),Gold-Plated Spring,47g,67g,2.00 mm,4.00 mm
SP-Star Polaris White,Linear,PC,PC,POM,PCB (5-pin),Gold-Plated Spring,40g,57g,2.00 mm,4.00 mm
SP-Star RedBlue,Linear,PC,PC,POM,PCB (5-pin),Gold-Plated Spring,40g,57g,2.00 mm,4.00 mm
SP-Star Sacramento,Linear,Nylon,Nylon,POM,PCB (5-pin),Stainless Steel Spring,,,,
SP-Star Star Nana,Linear,Nylon,Nylon,POM,PCB (5-pin),Stainless Steel Spring,,65g,2.00 mm,4.00 mm
SP-Star Starry Night,Linear,PC,PC,POM,PCB (5-pin),Stainless Steel Spring,47g,62g,2.00 mm,4.00 mm
SP-Star Ube Crinkle Cookie,Linear,PC,Nylon,POM,PCB (5-pin),18 mm Stainless Steel Spring,,65g,,
SP-Star Yanyu,Linear,Polymer Nylon & UHMWPE Blend,Polymer Nylon and UHMWPE Blend,POM,PCB (5-pin),Gold-Plated Spring,33g,43g,2.00 mm,4.00 mm
Space Studio Loopy - 35g,Linear,POM,Nylon,LY,Plate (3-pin),20 mm Stainless Steel Spring,35g,40g,1.60 mm,3.60 mm
Space Studio Loopy - 42g,Linear,POM,Nylon,LY,Plate (3-pin),20 mm Stainless Steel Spring,42g,50g,1.60 mm,3.60 mm
Swagkeys Black Aqua King,Linear,,,,PCB (5-pin),Stainless Steel Spring,,62g,,3.80 mm
Swagkeys Deep Ruby,Linear,POM,POM,UPE,,Stainless Steel Spring,,62g,,3.20 mm
Swagkeys Flow Black,Linear,POM,POM,POM,PCB (5-pin),Stainless Steel Spring,,63.5g,2.00 mm,3.50 mm
Swagkeys Modern Grey,Linear,,,,PCB (5-pin),Stainless Steel Spring,,62g,,3.60 mm
Swagkeys Pearl,Linear,POM,POM,POM,PCB (5-pin),Stainless Steel Spring,,50g,1.90 mm,3.50 mm
Swagkeys Popcorn,Linear,LY,LY,LY,PCB (5-pin),Stainless Steel Spring,58g,,,3.60 mm
Swagkeys Pure Berry,Linear,,,,PCB (5-pin),Stainless Steel SPring,,62g,,3.70 mm
Swagkeys Pure Sky,Linear,,,,PCB (5-pin),Stainless Steel Spring,,57g,,3.60 mm
Swagkeys S.S.S.,Tactile,PC,Nylon,POM,Plate (3-pin),Stainless Steel Spring,,70g,,
Swagkeys Vintage,Linear,Nylon,Nylon,POM,PCB (5-pin),Stainless Steel Spring,,63.5g,,3.20 mm
SWK Catmint,Linear,Nylon,Nylon,POK,PCB (5-pin),20 mm Stainless Steel Spring,,58g,,3.50 mm
SWK Dragon Ghost,Linear,Nylon,Nylon,POM,PCB (5-pin),Stainless Steel Spring,,62g,2.00 mm,3.50 mm
SWK Jieum V2,Linear,Nylon,Nylon,POM,PCB (5-pin),Stainless Steel Spring,,63.5g,2.00 mm,3.50 mm
SWK Mocha V2,Linear,POK,Nylon,POM,PCB (5-pin),Stainless Steel Spring,,63.5g,,3.30 mm
SWK Ripple,Linear,Nylon,Nylon,POK,PCB (5-pin),Stainless Steel Spring,,55g,1.80 mm,3.50 mm
SWK Sea Whale,Linear,Nylon,Nylon,POK,PCB (5-pin),Stainless Steel Spring,46g,60g,1.80 mm,3.50 mm
SWK Toucan,Linear,Nylon,Nylon,POK,PCB (5-pin),Stainless Steel Spring,,62g,1.80 mm,3.50 mm
SWK V Black,Linear,Nylon,Nylon,POM,PCB (5-pin),20 mm Two-Stage Stainless Steel Spring,,,,
SWK Vanta Black,Linear,Nylon,Nylon,POM,PCB (5-pin),20 mm Two-Stage Stainless Steel Spring,,62g,,
SWK Very Peri,Linear,Nylon,Nylon,POM,PCB (5-pin),20 mm Stainless Steel Spring,40g,45g,2.00 mm,3.70 mm
SwooshDOG Mist,Linear,POM,POM,LY,,20 mm Four-Stage Stainless Steel Spring,50g,62g,,3.70 mm
SwooshDOG Veltiver V2,Linear,PC,Nylon,POM,PCB (5-pin),20 mm Four-Stage Stainless Steel Spring,,55g,,3.70 mm
Tbcats Studio Blue Balloon V2,Linear,PC,Nylon,POM,PCB (5-pin),Stainless Steel Spring,45g,63.5g,,3.50 mm
Tbcats Studio Cloud Water,Linear,Nylon,Nylon,HPE,PCB (5-pin),22 mm Stainless Steel Extension Spring,,55g,,4.00 mm
Tbcats Studio Cloud Water,Tactile,Nylon,Nylon,HPE,PCB (5-pin),22 mm Stainless Steel Extension Spring,,63.5g,,4.00 mm
Tbcats Studio Eclair Blue,Linear,Nylon,Nylon,HPE,PCB (5-pin),22 mm Stainless Steel Spring,37g,42g,2.00 mm,3.80 mm
Tbcats Studio Eclair Green,Linear,Nylon,Nylon,HPE,PCB (5-pin),22 mm Two-Stage Extension Spring,42g,55g,2.00 mm,3.80 mm
Tbcats Studio Eclair Orange,Linear,Nylon,Nylon,HPE,PCB (5-pin),22 mm Two-Stage Extension Spring,45g,63g,2.00 mm,3.50 mm
Tbcats Studio Eclair Pink,Linear,Nylon,Nylon,HPE,PCB (5-pin),22 mm Stainless Steel Spring,37g,42g,2.00 mm,3.80 mm
Tbcats Studio Eclair Purple,Linear,Nylon,Nylon,HPE,PCB (5-pin),22 mm Stainless Steel Spring,37g,42g,2.00 mm,3.80 mm
Team Wolf Black,Linear,PC,Nylon,POM,Plate (3-pin),Stainless Steel Spring,,,,
Team Wolf Blue,Clicky,PC,Nylon,POM,Plate (3-pin),Stainless Steel Spring,,,,
Team Wolf Optical Green V4,Clicky,,,,,Stainless Steel Spring,,,,
Team Wolf Optical Tan V2,Clicky,,,,,Stainless Steel Spring,,,,
Team Wolf Optical Tan V4,Clicky,,,,,Stainless Steel Spring,,,,
Team Wolf Red,Linear,PC,Nylon,POM,Plate (3-pin),Stainless Steel Spring,,,,
Tecsee Amber,Linear,HPE,PME,POM,PCB (5-pin),Two-Stage Gold-Plated Spring,43g,58g,,3.60 mm
Tecsee Blue Balloon,Linear,PC,Nylon,POM,PCB (5-pin),22 mm Two-Stage Spring,42g,55g,2.00 mm,3.50 mm
Tecsee Blue Sky,Linear,HPE,HPE,POM,PCB (5-pin),22 mm Stainless Steel Spring,43g,63.5g,1.80 mm,3.80 mm
Tecsee Blue Sky,Tactile,HPE,HPE,POM,PCB (5-pin),22 mm Stainless Steel Spring,43g,63.5g,1.80 mm,3.80 mm
Tecsee Carrot,Linear,PME,PME,POM,PCB (5-pin),16 mm Stainless Steel Spring,55g,67g,2.00 mm,3.50 mm
Tecsee Chaos Theory Singularity,Linear,Nylon,Nylon,POM,PCB (5-pin),15 mm Gold-Plated Spring,,68g,,3.90 mm
Tecsee Chocolate Toffee,Linear,Nylon,Nylon,POM,PCB (5-pin),Two-Stage Spring,,63.5g,,
Tecsee Christmas Dolphin,Linear,PC,Nylon,POM,PCB (5-pin),Stainless Steel Spring,37g,45g,1.50 mm,3.50 mm
Tecsee Christmas Dolphin HPE,Linear,PC,Nylon,HPE,PCB (5-pin),Stainless Steel Spring,37g,45g,1.50 mm,3.50 mm
Tecsee Christmas Rabbit,Linear,PC,Nylon,HPE,PCB (5-pin),Stainless Steel Spring,37g,45g,1.50 mm,3.50 mm
Tecsee Coffee Chip Ice Cream,Tactile,PME,PME,POM,PCB (5-pin),Stainless Steel Spring,50g,62g,2.00 mm,3.10 mm
Tecsee Coral,Tactile,Nylon,PME,Nylon,PCB (5-pin),14 mm Stainless Steel,55g,67g,2.00 mm,3.00 mm
Tecsee Crystal Lemon,Linear,PC,PC,POM,PCB (5-pin),Stainless Steel Spring,45g,52g,2.00 mm,3.50 mm
Tecsee Eminence,Linear,HPE,Nylon,POM,PCB (5-pin),22 mm Two-Stage Gold-Plated Spring,45g,60g,2.00 mm,3.50 mm
Tecsee Gold Metal,Linear,PC,PC,UHMWPE,PCB (5-pin),Stainless Steel Spring,55g,63.5g,1.90 mm,3.80 mm
Tecsee Honey Peach,Linear,PC,PC,POM,PCB (5-pin),Stainless Steel Spring,45g,52g,2.00 mm,3.50 mm
Tecsee Ice Candy,Linear,PC,PC,Nylon,PCB (5-pin),Two-Stage Spring,55g,63.5g,2.00 mm,3.90 mm
Tecsee Ice Grape,Linear,PC,PC,UHMWPE,PCB (5-pin),22 mm Stainless Steel Spring,55g,63.5g,2.00 mm,3.90 mm
Tecsee Ice Grass,Linear,HPE,Nylon,POM,PCB (5-pin),Two-Stage Stainless Steel Spring,,58g,2.00 mm,3.50 mm
Tecsee Ice Milk,Tactile,Polymer Nylon & UHMWPE Blend,Nylon,UPE,PCB (5-pin),Two-Stage Spring,,63.5g,1.90 mm,3.80 mm
Tecsee Ice Mint,Linear,PC,PC,UHMWPE,PCB (5-pin),Two-Stage Spring,55g,62.5g,2.00 mm,3.90 mm
Tecsee Jadeite,Linear,UPE,PC,UPE,PCB (5-pin),22 mm Stainless Steel Spring,55g,63.5g,2.00 mm,3.90 mm
Tecsee Kingfisher,Linear,PME,PME,POM,PCB (5-pin),Stainless Steel Spring,,68g,,
Tecsee Lake Blue,Linear,PC,Nylon,POM,PCB (5-pin),Stainless Steel Spring,50g,58g,2.00 mm,3.50 mm
Tecsee Laser Metal,Linear,PC,PC,UHMWPE,PCB (5-pin),Stainless Steel Spring,55g,63.5g,1.90 mm,3.80 mm
Tecsee Loong,Linear,Nylon,Nylon,HPE,PCB (5-pin),22 mm Two-Stage Spring,42g,50g,2.00 mm,3.90 mm
Tecsee Lychee UHMWPE,Linear,Nylon,Nylon,UHMWPE,PCB (5-pin),Two-Stage Gold-Plated Spring,,68g,,
Tecsee Lychee UHMWPE,Tactile,Nylon,Nylon,UHMWPE,PCB (5-pin),Two-Stage Gold-Plated Spring,,68g,,
Tecsee Mango Ice,Tactile,UPE,Nylon,UPE,PCB (5-pin),22 mm Stainless Steel Spring,55g,63.5g,1.90 mm,3.80 mm
Tecsee Maple Leaf,Linear,HPE,HPE,NY,,Stainless Steel Spring,42g,48g,,3.50 mm
Tecsee Medium,Tactile,,,POM,PCB (5-pin),Stainless Steel Spring,50g,63.5g,1.30 mm,2.50 mm
Tecsee Middle Profile,Linear,HPE,Nylon,POM,PCB (5-pin),Stainless Steel SPring,50g,,1.30 mm,2.20 mm
Tecsee Middle Profile,Tactile,HPE,Nylon,POM,PCB (5-pin),Stainless Steel SPring,50g,,1.30 mm,2.20 mm
Tecsee Neopolitan Ice Cream,Tactile,PC,PC,POM,PCB (5-pin),Two-Stage Spring,,63.5g,,
Tecsee Oreo,Linear,PME,Nylon,UHMWPE,PCB (5-pin),Two-Stage Stainless Steel Spring,55g,,,3.80 mm
Tecsee Porcelain Blues - 53g,Linear,PC,PC,POM,PCB (5-pin),Two-Stage Stainless Steel Spring,,53g,,3.25 mm
Tecsee Porcelain Blues - 62g,Linear,PC,PC,POM,PCB (5-pin),Two-Stage Stainless Steel Spring,,62g,,3.25 mm
Tecsee Pudding,Tactile,HPE,Nylon,POM,PCB (5-pin),22 mm Stainless Steel Spring,50g,63.5g,2.00 mm,3.90 mm
Tecsee Pudding,Linear,HPE,Nylon,POM,PCB (5-pin),22 mm Stainless Steel Spring,50g,63.5g,2.00 mm,3.90 mm
Tecsee Purple Panda,Tactile,PME,PME,POM,PCB (5-pin),Stainless Steel Spring,55g,67g,2.00 mm,3.00 mm
Tecsee RAW,Linear,Nylon,Nylon,HPE,PCB (5-pin),Single-Stage Spring,,57.5g,2.00 mm,3.50 mm
Tecsee Ruby,Linear,PC,PC,UHMWPE,PCB (5-pin),Stainless Steel Spring,55g,63.5g,1.90 mm,3.80 mm
Tecsee Ruby V2,Linear,PC,PC,UHMWPE,PCB (5-pin),Stainless Steel Spring,55g,63.5g,1.90 mm,3.80 mm
Tecsee Safety,Linear,PC,Nylon,UPE,PCB (5-pin),Two-Stage Spring,52g,65g,2.00 mm,3.70 mm
Tecsee Sangria,Linear,HPE,HPE,POM,PCB (5-pin),Two-Stage Stainless Steel Spring,,63.5g,,
Tecsee Sapphire,Tactile,PC,PC,UHMWPE,PCB (5-pin),22 mm Stainless Steel Spring,55g,63.5g,1.90 mm,3.80 mm
Tecsee Sapphire V2,Tactile,PC,PC,UHMWPE,PCB (5-pin),22 mm Stainless Steel Spring,55g,63.5g,1.90 mm,3.80 mm
Tecsee Snow Globe,Tactile,PC,PC,UHMWPE,PCB (5-pin),Stainless Steel Spring,,63.5g,1.90 mm,3.80 mm
Tecsee Strawberry Ice,Linear,UPE,Nylon,UPE,PCB (5-pin),22 mm Stainless Steel Spring,55g,63.5g,2.00 mm,3.90 mm
Tecsee Sunny Side Up,Linear,HPE,HPE,POM,PCB (5-pin),Two-Stage Spring,,63.5g,,
Tecware F-Stock,Linear,,,,,Stainless Steel Spring,,,,
Tecware Z-Stock,Linear,,,,,Stainless Steel Spring,,,,
Thic Thock Konpeitou,Linear,Nylon,Nylon,POM,PCB (5-pin),Gold-Plated Spring,50g,68g,1.40 mm,
Thic Thock Marshmallow,Linear,Nylon,Nylon,POM,PCB (5-pin),Stainless Steel Extension Spring,50g,68g,1.40 mm,
Thunder Creation Demon,Linear,,,,Plate (3-pin),Stainless Steel Spring,58g,,,
Thunderobot Thor Water,Linear,PC,,,Plate (3-pin),Stainless Steel Spring,37g,47g,1.20 mm,3.50 mm
TJA Black,Linear,Nylon,Nylon,POM,Plate (3-pin),Stainless Steel Spring,,,,
TJA Clear,Tactile,,,,PCB (5-pin),Stainless Steel Spring,,,,
TofuTypes Tofu - 13.6 mm,Linear,Nylon,Nylon,Nylon,PCB (5-pin),Stainless Steel Spring,,63.5g,,
TofuTypes Tofu - 13.9 mm,Linear,Nylon,Nylon,Nylon,PCB (5-pin),Stainless Steel Spring,,63.5g,,
Tomato Blue,Clicky,,,,Plate (3-pin),Stainless Steel Spring,50g,,,
Transmit - 42g,Linear,PC,Nylon,POM,PCB (5-pin),Stainless Steel Spring,35g,42g,1.90 mm,3.80 mm
Transmit - 52g,Linear,PC,Nylon,POM,PCB (5-pin),Stainless Steel Spring,42g,52g,1.90 mm,3.80 mm
Transmit - 62g,Linear,PC,Nylon,POM,PCB (5-pin),Stainless Steel Spring,47g,62g,1.90 mm,3.80 mm
Tsukuri Studio Kaisya,Linear,PC,Nylon,LY,PCB (5-pin),Stainless Steel Spring,52g,58g,2.00 mm,4.00 mm
TTC Ace,Linear,PC,Nylon,POM,PCB (5-pin),Stainless Steel Spring,53g,60g,2.00 mm,4.00 mm
TTC Ace V1.5,Linear,PC,Nylon,POM,PCB (5-pin),Stainless Steel Spring,53g,60g,2.00 mm,4.00 mm
TTC Ace V2,Linear,PC,Nylon,POM,PCB (5-pin),Stainless Steel Spring,53g,60g,2.00 mm,4.00 mm
TTC Blue Dragon,Linear,PC,PC,POM,PCB (5-pin),Stainless Steel Spring,49g,,1.08 mm,3.80 mm
TTC Bluish White,Tactile,PC,Nylon,POM,Plate (3-pin),Stainless Steel Spring,42g,50g,2.00 mm,3.50 mm
TTC Bluish White (V2) Silent,Tactile,PC,Nylon,POM,Plate (3-pin),Stainless Steel Spring,42g,50g,2.00 mm,3.50 mm
TTC Breeze,Linear,PC,Nylon,POM,PCB (5-pin),16 mm Gold-Plated Spring,48g,61.5g,2.00 mm,4.00 mm
TTC Brother,Clicky,PC,Nylon,POM,Plate (3-pin),17.5 mm Spring,37g,,2.20 mm,3.50 mm
TTC Brown Silent,Tactile,PC,Nylon,POM,Plate (3-pin),Stainless Steel Spring,45g,63.5g,2.00 mm,3.80 mm
TTC Camo,Tactile,,,,PCB (5-pin),Stainless Steel Spring,45g,63g,2.00 mm,3.80 mm
TTC Chaotic Panda,Tactile,PC,PC,POM,PCB (5-pin),Stainless Steel Spring,45g,60g,2.00 mm,3.40 mm
TTC Cloud Sea,Linear,,,,PCB (5-pin),,42g,,1.50 mm,3.60 mm
TTC Colourful Green,Linear,Nylon,Nylon,POM,Plate (3-pin),Stainless Steel Spring,41g,48g,1.90 mm,4.00 mm
TTC Colourful Red,Linear,Nylon,Nylon,POM,Plate (3-pin),Stainless Steel Spring,41g,48g,1.90 mm,4.00 mm
TTC Colourful Yellow,Linear,Nylon,Nylon,POM,Plate (3-pin),Stainless Steel Spring,41g,48g,1.90 mm,4.00 mm
TTC Crescent,Linear,POM,POM,POK,Plate (3-pin),Stainless Steel Spring,42g,56g,1.50 mm,3.60 mm
TTC Cyber Panda,Tactile,PC,PC,POM,PCB (5-pin),Stainless Steel Spring,45g,60g,2.00 mm,3.40 mm
TTC Flame Red,Linear,Nylon,Nylon,POM,Plate (3-pin),24.5 mm Extension Spring,45g,54g,2.00 mm,4.00 mm
TTC Flame Snow V2,Linear,PC,Nylon,POM,PCB (5-pin),Stainless Steel Spring,42g,,1.60 mm,3.60 mm
TTC Flaming Orange,Linear,POM,POM,POK,PCB (5-pin),24 mm Single-Stage Spring,45g,,1.80 mm,3.60 mm
TTC Flaming Pink,Linear,PC,Nylon,POM,PCB (5-pin),24 mm Single-Stage Spring,43g,50g,1.60 mm,3.60 mm
TTC Flaming Purple,Linear,PC,Nylon,POK,Plate (3-pin),23 mm Single-Stage Spring,42g,47g,1.60 mm,3.60 mm
TTC Flaming Snow,Linear,PC,Nylon,POK,Plate (3-pin),Stainless Steel Spring,42g,50g,1.60 mm,3.60 mm
TTC Flying Shark,Linear,PC,Nylon,POM,Plate (3-pin),Stainless Steel Spring,39g,,1.20 mm,3.60 mm
TTC Frozen Silent V2,Linear,PC,PC,POM,Plate (3-pin),Silver White Spring,39g,43g,2.00 mm,3.50 mm
TTC Geo,Linear,,,,Plate (3-pin),25 mm Stainless Steel Spring,46g,,1.80 mm,3.80 mm
TTC Gold Brown,Tactile,PC,Nylon,POM,Plate (3-pin),Stainless Steel Spring,55g,63g,2.00 mm,4.00 mm
TTC Gold Brown Pro,Tactile,PC,Nylon,NPI,Plate (3-pin),18 mm Stainless Steel Spring,45g,,2.00 mm,3.80 mm
TTC Gold Pink,Linear,PC,Nylon,POM,Plate (3-pin),Stainless Steel Spring,37g,45g,2.00 mm,4.00 mm
TTC Gold Red,Linear,PC,Nylon,POM,Plate (3-pin),Stainless Steel Spring,43g,50g,2.00 mm,4.00 mm
TTC Gold Red Pro,Linear,PC,Nylon,NPI,Plate (3-pin),18.5 mm Stainless Steel Spring,43g,,1.80 mm,3.80 mm
TTC Gold Red V3,Linear,PC,Nylon,POM,Plate (3-pin),Stainless Steel Spring,43g,50g,2.00 mm,4.00 mm
TTC Gold Silver,Linear,PC,Nylon,POM,Plate (3-pin),18 mm Stainless Steel Spring,45g,,1.40 mm,3.50 mm
TTC Gold Silver Pro,Linear,PC,Nylon,POM,Plate (3-pin),18 mm Stainless Steel Spring,45g,,1.40 mm,3.50 mm
TTC Helix Skylar,Clicky,,,,Plate (3-pin),Stainless Steel Spring,45g,60g,2.00 mm,4.00 mm
TTC Heroic Panda,Tactile,PC,PC,POM,PCB (5-pin),Stainless Steel Spring,45g,60g,2.00 mm,3.40 mm
TTC Hex,Linear,POM,POM,POK,PCB (5-pin),Stainless Steel Spring,50g,56.5g,2.00 mm,3.60 mm
TTC Hey,Linear,Nylon,Nylon,POM,PCB (5-pin),Two-Stage Gold-Plated Spring,50g,58g,2.00 mm,3.80 mm
TTC Honey,Linear,PC,PC,POM,Plate (3-pin),25.5 mm Extension Spring,42g,50g,2.00 mm,3.80 mm
TTC Ice,Linear,PC,PC,POM,PCB (5-pin),24 mm Single-Stage Spring,45g,60g,1.60 mm,3.60 mm
TTC Iron,Linear,POM,POM,POM,Plate (3-pin),22 mm Single-Stage Spring,41g,50g,1.40 mm,3.80 mm
TTC K Series Black,Linear,PC,Nylon,POM,Plate (3-pin),Stainless Steel Spring,60g,,2.00 mm,4.00 mm
TTC K Series Blue,Clicky,PC,Nylon,POM,Plate (3-pin),Stainless Steel Spring,45g,60g,2.20 mm,4.00 mm
TTC K Series Brown,Tactile,PC,Nylon,POM,Plate (3-pin),Stainless Steel Spring,45g,55g,2.00 mm,4.00 mm
TTC K Series Red,Linear,PC,Nylon,POM,Plate (3-pin),Stainless Steel Spring,45g,,2.00 mm,4.00 mm
TTC L Series Black,Linear,PC,Nylon,POM,Plate (3-pin),Stainless Steel Spring,60g,,2.00 mm,4.00 mm
TTC L Series Blue,Clicky,PC,Nylon,POM,Plate (3-pin),Stainless Steel Spring,45g,60g,2.20 mm,4.00 mm
TTC L Series Brown,Tactile,PC,Nylon,POM,Plate (3-pin),Stainless Steel Spring,45g,55g,2.00 mm,4.00 mm
TTC L Series Red,Linear,PC,Nylon,POM,Plate (3-pin),Stainless Steel Spring,45g,,2.00 mm,4.00 mm
TTC Light Cloud,Linear,Nylon,Nylon,POM,PCB (5-pin),Two-Stage Gold-Plated Spring,48g,58g,1.20 mm,3.50 mm
TTC Light Cloud V2,Linear,Nylon,Nylon,POM,PCB (5-pin),Two-Stage Gold-Plated Spring,45g,58g,1.20 mm,3.50 mm
TTC Love Heart,Linear,PC,Nylon,POM,Plate (3-pin),22.5 mm Extension Spring,42g,,2.00 mm,3.80 mm
TTC Love Heart V2,Linear,PC,Nylon,POM,Plate (3-pin),22.5 mm Extension Spring,42g,,2.00 mm,3.80 mm
TTC Low Profile Blue,Clicky,PC,Nylon,POM,Plate (3-pin),Stainless Steel Spring,45g,,1.30 mm,3.20 mm
TTC Low Profile Brown,Tactile,PC,Nylon,POM,Plate (3-pin),Stainless Steel Spring,40g,,1.50 mm,3.20 mm
TTC Low Profile Red,Clicky,PC,Nylon,POM,Plate (3-pin),Stainless Steel Spring,45g,,1.20 mm,3.20 mm
TTC Matrix-01 - 45g,Linear,Nylon,Nylon,POM,PCB (5-pin),Two-Stage Gold-Plated Spring,45g,55g,2.00 mm,4.00 mm
TTC Matrix-01 - 53g,Tactile,Nylon,Nylon,POM,PCB (5-pin),Two-Stage Gold-Plated Spring,53g,63.5g,2.00 mm,4.00 mm
TTC Mushan,Linear,PC,POM,POM,Plate (3-pin),Stainless Steel Spring,40g,,1.60 mm,3.80 mm
TTC NCR,Linear,PC,Nylon,POM,Plate (3-pin),Stainless Steel Spring,43g,62g,2.00 mm,4.00 mm
TTC Neptune,Linear,POM,PC,POM,PCB (5-pin),21.5 mm Extension Spring,41g,50g,2.00 mm,3.80 mm
TTC Old School,Linear,Nylon,Nylon,P1,PCB (5-pin),Gold-Plated Spring,55g,68g,2.00 mm,3.80 mm
TTC Orange Dragon,Linear,Nylon,PC,POM,PCB (5-pin),Stainless Steel Spring,40g,53g,2.20 mm,3.40 mm
TTC Peanut Latte Silent,Tactile,PC,PC,POM,PCB (5-pin),Stainless Steel Spring,42g,,2.00 mm,3.50 mm
TTC Rabbit OG Silent,Linear,Nylon,PC,Nylon,PCB (5-pin),Stainless Steel Spring,42g,,1.20 mm,3.80 mm
TTC Rabbit RGB Silent,Linear,PC,PC,Nylon,PCB (5-pin),Stainless Steel Spring,42g,,1.20 mm,3.80 mm
TTC Razer Green V1,Clicky,,,,Plate (3-pin),Stainless Steel Spring,50g,,1.90 mm,4.00 mm
TTC Razer Green V2,Clicky,,,,Plate (3-pin),Stainless Steel Spring,50g,,1.90 mm,4.00 mm
TTC Razer Green V3,Clicky,,,,Plate (3-pin),Stainless Steel Spring,50g,,1.90 mm,4.00 mm
TTC Razer Orange V1,Tactile,,,,Plate (3-pin),Stainless Steel Spring,45g,,1.90 mm,4.00 mm
TTC Razer Orange V3,Tactile,,,,Plate (3-pin),Stainless Steel Spring,50g,,2.00 mm,3.50 mm
TTC Razer Yellow V1,Linear,,,,Plate (3-pin),Stainless Steel Spring,45g,,1.20 mm,3.50 mm
TTC Razer Yellow V1 Silent,Linear,,,,Plate (3-pin),Stainless Steel Spring,45g,,1.20 mm,3.50 mm
TTC Razer Yellow V2,Linear,,,,Plate (3-pin),Stainless Steel Spring,45g,,1.20 mm,3.50 mm
TTC Razer Yellow V3,Linear,,,,Plate (3-pin),Stainless Steel Spring,45g,,1.20 mm,3.50 mm
TTC Red Silent,Linear,PC,Nylon,POM,Plate (3-pin),Stainless Steel Spring,45g,63.5g,1.90 mm,3.70 mm
TTC Red Silent V3,Linear,PC,Nylon,POM,Plate (3-pin),Stainless Steel Spring,45g,63.5g,1.90 mm,3.70 mm
TTC Snow Tiger,Linear,PC,PC,POM,PCB (5-pin),Stainless Steel Springs,40g,,1.08 mm,3.70 mm
TTC Speed Gold,Linear,PC,Nylon,POM,Plate (3-pin),Stainless Steel Spring,39g,,1.20 mm,3.40 mm
TTC Speed Silver,Linear,PC,Nylon,POM,Plate (3-pin),Stainless Steel Spring,45g,55g,1.08 mm,3.40 mm
TTC Superman,Linear,POM,POM,POM,Plate (3-pin),Stainless Steel Spring,40g,,1.30 mm,3.80 mm
TTC Tiger OG,Linear,Nylon,PC,POM,PCB (5-pin),25.5 mm Stainless Steel Spring,45g,55g,1.08 mm,3.70 mm
TTC Tiger RGB,Linear,PC,PC,POM,PCB (5-pin),25.5 mm Stainless Steel Spring,45g,55g,1.08 mm,3.70 mm
TTC Titan Heart,Linear,PC,POM,POM,Plate (3-pin),Gold-Plated Spring,42g,,1.20 mm,3.60 mm
TTC Vatican,Linear,PC,,,PCB (5-pin),Stainless Steel Spring,45g,,,
TTC Venus,Linear,POM,PC,POM,PCB (5-pin),20.5 mm Extension Spring,45g,52g,1.80 mm,3.80 mm
TTC Watermelon Milkshake,Tactile,Nylon,Nylon,POM,Plate (3-pin),Stainless Steel Spring,45g,63g,2.00 mm,4.00 mm
TTC Wild - 42g,Linear,PC,Nylon,POM,PCB (5-pin),Stainless Steel Spring,42g,52g,2.00 mm,4.00 mm
TTC Wild - 55g,Linear,PC,Nylon,POM,PCB (5-pin),Stainless Steel Spring,55g,68g,2.00 mm,4.00 mm
TTC Wind,Linear,PC,Nylon,POM,PCB (5-pin),Stainless Steel Spring,48g,,2.00 mm,4.00 mm
TTC Xizi,Linear,POM,POM,POK,PCB (5-pin),20 mm Two-Stage Spring,42g,,1.80 mm,3.60 mm
TTC Yunhai,Linear,Nylon,Nylon,POK,PCB (5-pin),23 mm Single-Stage Spring,42g,50g,1.50 mm,3.60 mm
Unikeys Purple Dawn,Linear,Nylon,P4,UPE,PCB (5-pin),22 mm Single-Stage Extension Spring,55g,62.5g,2.00 mm,3.90 mm
UnionBest Blue,Clicky,Nylon,Nylon,POM,Plate (3-pin),Stainless Steel Spring,,,,
Upgrade Keyboards Crystal Iceberg - 58g,Linear,PC,PC,POM,PCB (5-pin),Two-Stage Stainless Steel Spring,,58g,,
Upgrade Keyboards Crystal Iceberg - 63g,Linear,PC,PC,POM,PCB (5-pin),Two-Stage Stainless Steel Spring,,63g,,
Upgrade Keyboards Crystal Iceberg - 68g,Linear,PC,PC,POM,PCB (5-pin),Two-Stage Stainless Steel Spring,,68g,,
Vala Supply Electric,Linear,PME,Nylon,POM,PCB (5-pin),Two-Stage Stainless Steel Spring,,68g,,
Vala Supply Shogun,Tactile,PME,Nylon,POM,PCB (5-pin),Two-Stage Stainless Steel Spring,,78g,,
Valkyrie Loki,Linear,,,,Plate (3-pin),Stainless Steel Spring,45g,55g,1.20 mm,3.20 mm
Valkyrie Merlin,Linear,,,,Plate (3-pin),Stainless Steel Spring,45g,56g,2.00 mm,4.00 mm
Valkyrie Mist,Linear,,,,Plate (3-pin),Stainelss Steel Spring,45g,58g,2.00 mm,4.00 mm
Valkyrie V-Violet,Linear,,,,Plate (3-pin),Stainless Steel Spring,38g,,2.00 mm,3.80 mm
VarieKeys Jump Jump,Linear,PC,Nylon,POM,PCB (5-pin),20 mm Two-Stage Extension Spring,45g,65g,1.30 mm,3.50 mm
VarieKeys Stellar,Linear,PC,Nylon,POM,PCB (5-pin),20.5 mm Two-Stage Extension Spring,37g,65g,1.70 mm,4.00 mm
VarieKeys Thunderbolt,Clicky,PC,Nylon,POM,PCB (5-pin),20.5 mm Two-Stage Extension Spring,37g,65g,1.80 mm,3.60 mm
Varmilo Crane,Linear,POM,POM,POM,PCB (5-pin),Stainless Steel Spring,37g,45g,1.80 mm,4.00 mm
Varmilo Daisy L,Linear,,,POK,Plate (3-pin),Stainless Steel Spring,35g,45g,2.00 mm,4.00 mm
Varmilo Daisy L Silent,Linear,,,POK,Plate (3-pin),Stainless Steel Spring,35g,45g,2.00 mm,4.00 mm
Varmilo EC Daisy Silent V2,Linear,Nylon,Nylon,POM,Plate (3-pin),Stainless Steel Spring,35g,45g,2.00 mm,4.00 mm
Varmilo EC Daisy V2,Linear,PC,Nylon,POM,Plate (3-pin),Stainless Steel Spring,35g,45g,2.00 mm,4.00 mm
Varmilo EC Iris V2,Tactile,Nylon,Nylon,POM,Plate (3-pin),Stainless Steel Spring,45g,60g,2.00 mm,4.00 mm
Varmilo EC Ivy V2,Linear,PC,Nylon,POM,Plate (3-pin),Stainless Steel Spring,50g,60g,2.30 mm,4.00 mm
Varmilo EC Jasmine V2,Linear,Nylon,Nylon,POM,Plate (3-pin),Stainless Steel Spring,40g,60g,1.00 mm,3.00 mm
Varmilo EC Moxa V2,Linear,Nylon,Nylon,POM,Plate (3-pin),Stainless Steel Spring,45g,55g,2.30 mm,4.00 mm
Varmilo EC Orange V2,Linear,PC,Nylon,POM,Plate (3-pin),Stainless Steel Spring,38g,45g,2.00 mm,4.00 mm
Varmilo EC Rose V2,Linear,PC,Nylon,POM,Plate (3-pin),Stainless Steel Spring,55g,65g,2.00 mm,4.00 mm
Varmilo EC Sakura V2,Linear,PC,Nylon,POM,Plate (3-pin),Stainless Steel Spring,45g,55g,2.00 mm,4.00 mm
Varmilo EC Violet V2,Tactile,Nylon,Nylon,POM,Plate (3-pin),Stainless Steel Spring,45g,58g,2.10 mm,4.00 mm
Varmilo Iris L,Linear,,,POK,Plate (3-pin),Stainless Steel Spring,45g,60g,2.00 mm,4.00 mm
Varmilo Ivy L,Linear,,,POK,Plate (3-pin),Stainless Steel Spring,50g,65g,2.30 mm,4.00 mm
Varmilo Jasmine L,Linear,,,POK,Plate (3-pin),Stainless Steel Spring,40g,60g,1.00 mm,3.00 mm
Varmilo Jasmine L Silent,Linear,,,POK,Plate (3-pin),Stainless Steel Spring,40g,60g,1.00 mm,3.00 mm
Varmilo Prestige Blue,Clicky,,,,PCB (5-pin),Stainless Steel Spring,46g,60g,1.80 mm,3.60 mm
Varmilo Prestige Light,Linear,,,,Plate (3-pin),Stainless Steel Spring,37g,,1.80 mm,3.60 mm
Varmilo Prestige Red,Linear,,,,PCB (5-pin),Stainless Steel Spring,45g,55g,1.80 mm,3.60 mm
Varmilo Prestige Red V2,Linear,,,,PCB (5-pin),Stainless Steel Spring,45g,55g,1.80 mm,3.60 mm
Varmilo Prestige Silent,Linear,,,,Plate (3-pin),Stainless Steel Spring,42g,50g,1.80 mm,3.60 mm
Varmilo Prestige Voice,Linear,,,,PCB (5-pin),Stainless Steel Spring,40g,50g,2.00 mm,3.40 mm
Varmilo Rose L Silent,Linear,,,POK,Plate (3-pin),Stainless Steel Spring,55g,75g,2.00 mm,4.00 mm
Varmilo Violet L,Linear,,,POK,Plate (3-pin),Stainless Steel Spring,45g,58g,2.10 mm,4.00 mm
Varmilo Violet L Silent,Linear,,,POK,Plate (3-pin),Stainless Steel Spring,45g,58g,2.10 mm,4.00 mm
Velocifire X KK Light Wave V2,Linear,PC,PC,POM,PCB (5-pin),Gold-Plated Spring,35g,45g,2.00 mm,4.00 mm
Vertex V1,Linear,Nylon,Nylon,POM,PCB (5-pin),15 mm Stainless Steel Spring,50g,62g,2.00 mm,4.00 mm
VGN Numbani,Linear,,,,,Stainless Steel Spring,45g,,,
VGN Vaporwave OG,Linear,,,,,Stainless Steel Spring,45g,,,
VGN Vaporwave Pro,Linear,,,,,Stainless Steel Spring,40g,,,
Wikuo Fuyu,Linear,Nylon,Nylon,POM,PCB (5-pin),Stainless Steel Spring,,58g,,3.50 mm
Wikuo Harmony,Linear,POK,Nylon,POM,PCB (5-pin),Stainless Steel Spring,,55g,,4.00 mm
Womier Coffee,Linear,PC,PC,POM,Plate (3-pin),Stainless Steel Spring,40g,,2.00 mm,3.80 mm
Womier Crystal,Linear,PC,PC,Nylon,Plate (3-pin),Stainless Steel Spring,47g,,2.00 mm,3.50 mm
Womier Full POM Mint Blizzard,Linear,POM,POM,POM,PCB (5-pin),20 mm Single-Stage Stainless Spring,42g,50g,2.00 mm,3.80 mm
Womier Full POM Rose Whisper,Linear,POM,POM,POM,PCB (5-pin),20 mm Single-Stage Stainless Spring,42g,50g,2.00 mm,3.80 mm
Womier Sky,Linear,PC,PC,POM,Plate (3-pin),Stainless Steel Spring,47g,,2.00 mm,3.80 mm
WSCX Gas,Linear,,,,PCB (5-pin),Stainless Steel Spring,45g,55g,1.50 mm,3.90 mm
Wuque Studio Original Aspiration (OA),Linear,PC,UHMWPE,POM,PCB (5-pin),Gold-Plated Spring,,67g,,4.00 mm
Wuque Studio WS Aurora Blue,Linear,PC,Nylon,POM,PCB (5-pin),Stainless Steel Spring,53g,63.5g,1.90 mm,3.80 mm
Wuque Studio WS Aurora Clear,Linear,PC,UHMWPE,POM,PCB (5-pin),Stainless Steel Spring,53g,63.5g,1.90 mm,3.80 mm
Wuque Studio WS Aurora Dalgona,Linear,PC,Nylon,POM,PCB (5-pin),Stainless Steel Spring,53g,63.5g,1.90 mm,3.80 mm
Wuque Studio WS Aurora Fog,Linear,PC,Nylon,POM,PCB (5-pin),Stainless Steel Spring,53g,63.5g,1.90 mm,3.80 mm
Wuque Studio WS Aurora Pink,Linear,PC,Nylon,POM,PCB (5-pin),Stainless Steel Spring,53g,63.5g,1.90 mm,3.80 mm
Wuque Studio WS Brown,Tactile,Nylon,Nylon,POM,PCB (5-pin),22 mm Two-Stage Spring,,55g,2.00 mm,3.80 mm
Wuque Studio WS Dash,Hall Effect,PC,Nylon,POM,PCB (5-pin),Stainless Steel Spring,30g,55g,,3.50 mm
Wuque Studio WS Heavy,Tactile,Nylon,Nylon,POM,PCB (5-pin),22 mm Single-Stage Spring,45g,70g,2.00 mm,3.20 mm
Wuque Studio WS Jade,Linear,POM,POM,UPE,PCB (5-pin),18 mm Two-Stage Spring,50g,60g,2.00 mm,3.60 mm
Wuque Studio WS Light,Tactile,PC,Nylon,POM,PCB (5-pin),15.4 mm Single-Stage Spring,45g,50g,2.00 mm,4.00 mm
Wuque Studio WS Mizu,Linear,PC,Nylon,POM,PCB (5-pin),Stainless Steel Spring,53g,63.5g,1.90 mm,3.80 mm
Wuque Studio WS Morandi,Linear,POM,POM,UPE,PCB (5-pin),18 mm Two-Stage Spring,50g,60g,2.00 mm,3.50 mm
Wuque Studio WS Onion,Linear,PC,Nylon,POM,PCB (5-pin),13.5 mm Single-Stage Gold-Plated Spring,,63.5g,2.00 mm,4.00 mm
Wuque Studio WS Pearl,Linear,Nylon,Nylon,POM,PCB (5-pin),16 mm Single-Staged Spring,30g,58g,2.00 mm,3.50 mm
Wuque Studio WS POM+,Linear,POM,POM,POM,PCB (5-pin),22 mm Two-Stage Extension Spring,45g,55g,2.00 mm,3.60 mm
Wuque Studio WS Quartz,Linear,PC,PC,Nylon,PCB (5-pin),22 mm Two-Stage Spring,,60g,2.00 mm,3.80 mm
Wuque Studio WS Red,Linear,Nylon,Nylon,POM,PCB (5-pin),22 mm Two-Stage Spring,,67g,2.00 mm,3.80 mm
Wuque Studio WS Silent,Tactile,Nylon,Nylon,POM,PCB (5-pin),15 mm Single-Stage Spring,,63.5g,2.00 mm,3.50 mm
Wuque Studio WS Silent,Linear,Nylon,Nylon,POM,PCB (5-pin),15 mm Single-Stage Spring,,63.5g,2.00 mm,3.50 mm
Wuque Studio WS Stellar Bluerose,Linear,Nylon,Nylon,POM,PCB (5-pin),22 mm Stainless Steel Spring,,53g,,3.80 mm
Wuque Studio WS Stellar Nightfall,Tactile,Nylon,Nylon,POM,PCB (5-pin),22 mm Stainless Steel Spring,45g,70g,2.00 mm,3.80 mm
Wuque Studio WS Yellow,Linear,Nylon,Nylon,POM,PCB (5-pin),22 mm Two-Stage Spring,,53g,2.00 mm,3.80 mm
Xinda Blue,Clicky,PC,Nylon,POM,Plate (3-pin),Stainless Steel Spring,50g,,,
Xinda Brown,Tactile,PC,Nylon,POM,Plate (3-pin),Stainless Steel Spring,50g,,,
XMI Beige,Linear,PC,Nylon,POM,PCB (5-pin),Two-Stage Stainless Steel Spring,62g,80g,1.50 mm,3.70 mm
YUNZII Caramel Coffee Silent,Linear,POM,POM,Nylon,PCB (5-pin),Stainless Steel Spring,50g,55g,2.00 mm,3.30 mm
YUNZII Cocoa Cream V2,Linear,PC,Nylon,POM,PCB (5-pin),Stainless Steel Spring,50g,55g,2.00 mm,3.30 mm
YUNZII Milk,Linear,PC,Nylon,POM,Plate (3-pin),Stainless Steel Spring,45g,50g,2.00 mm,4.00 mm
YUNZII Panda,Linear,PC,Nylon,POM,PCB (5-pin),Stainless Steel Spring,40g,45g,1.80 mm,3.60 mm
Yusya Black,Clicky,PC,Nylon,POM,Plate (3-pin),Stainless Steel Spring,,,,
Yusya Blue,Clicky,PC,Nylon,POM,Plate (3-pin),Stainless Steel Spring,50g,,,
Yusya Dustproof Blue,Clicky,PC,Nylon,POM,Plate (3-pin),Stainless Steel Spring,,,,
Yusya Red,Linear,PC,Nylon,POM,Plate (3-pin),Stainlss Steel Spring,50g,,,
YXXX Honeydew,Linear,HPE,HPE,POM,PCB (5-pin),18 mm Stainless Steel Spring,,65g,,3.80 mm
ZDZ Black,Linear,PC,Nylon,POM,Plate (3-pin),Stainless Steel Spring,,,,
ZDZ Blue,Clicky,PC,Nylon,POM,Plate (3-pin),Stainless Steel Spring,,,,
ZDZ Brown,Tactile,PC,Nylon,POM,Plate (3-pin),Stainless Steel Spring,,,,
ZDZ Red,Linear,PC,Nylon,POM,Plate (3-pin),Stainless Steel Spring,,,,
Zeal Aqua Zilent V2 Silent - 62g,Tactile,,,,PCB (5-pin),Stainless Steel Spring,,62g,,
Zeal Aqua Zilent V2 Silent - 67g,Tactile,,,,PCB (5-pin),Stainless Steel Spring,,67g,,
Zeal Clickiez - 40g,Clicky,,,,PCB (5-pin),Stainless Steel Spring,32g,40g,,
Zeal Clickiez - 75g,Clicky,,,,PCB (5-pin),Stainless Steel Spring,58g,75g,,
Zeal Crystal,Tactile,PC,Nylon,Nylon,PCB (5-pin),Gold-Plated Spring,,60g,,
Zeal Healio V2 Silent,Linear,,,,PCB (5-pin),Stainless Steel Spring,,63.5g,,
Zeal Pearlio,Linear,PC,Nylon,UHMWPE,PCB (5-pin),Gold-Plated Extension Spring,,60g,,
Zeal Rosélio Silent,Linear,,,,PCB (5-pin),Stainless Steel Spring,,67g,,
Zeal Sakurio Silent,Linear,,,,PCB (5-pin),Stainless Steel Spring,,62g,,
Zeal Tealio V2,Linear,,,,PCB (5-pin),Stainless Steel Spring,,67g,,
Zeal Turquoise Tealio - 63.5g,Linear,,,,PCB (5-pin),Stainless Steel Spring,,63.5g,,
Zeal Turquoise Tealio - 65g,Linear,,,,PCB (5-pin),Stainless Steel Spring,,65g,,
Zeal Zealio V1 Redux - 62g,Tactile,Nylon,Nylon,POM,PCB (5-pin),Stainless Steel Spring,,62g,,
Zeal Zealio V1 Redux - 67g,Tactile,Nylon,Nylon,POM,PCB (5-pin),Stainless Steel Spring,,67g,,
Zeal Zealio V2 - 62g,Tactile,,,,PCB (5-pin),Stainless Steel Spring,,62g,,
Zeal Zealio V2 - 65g,Tactile,,,,PCB (5-pin),Stainless Steel Spring,,65g,,
Zeal Zealio V2 - 67g,Tactile,,,,PCB (5-pin),Stainless Steel Spring,,67g,,
Zeal Zealio V2 - 78g,Tactile,,,,PCB (5-pin),Stainless Steel Spring,,78g,,
Zeal Zilent V2 Silent - 62g,Tactile,,,,PCB (5-pin),Stainless Steel Spring,,62g,,
Zeal Zilent V2 Silent - 65g,Tactile,,,,PCB (5-pin),Stainless Steel Spring,,65g,,
Zeal Zilent V2 Silent - 67g,Tactile,,,,PCB (5-pin),Stainless Steel Spring,,67g,,
Zeal Zilent V2 Silent - 78g,Tactile,,,,PCB (5-pin),Stainless Steel Spring,,78g,,
Zenclack Oooolong,Linear,Proprietary Milky Blend,Nylon,POM,PCB (5-pin),19 mm Stainless Steel Spring,,62g,,
Zenclack Pleiades,Linear,Nylon,Nylon,POM,PCB (5-pin),22 mm Stainless Steel Spring,,63.5g,,
Zenclack Pleiades V2,Linear,Nylon,Nylon,POM,PCB (5-pin),22 mm Stainless Steel Spring,,63.5g,,
Zenclack Turbulence,Tactile,Nylon,Nylon,POM,PCB (5-pin),22 mm Stainless Steel Spring,,63.5g,,
Zepsody Bluebonnet,Linear,Nylon,Nylon,POM,PCB (5-pin),Stainless Steel Spring,60g,72g,,3.90 mm
Zepsody Wisteria V1,Linear,,,,PCB (5-pin),Stainless Steel Spring,49g,57g,1.90 mm,3.70 mm
Zepsody Wisteria V2,Linear,,,,PCB (5-pin),Stainless Steel Spring,49g,57g,1.90 mm,3.20 mm
Zeus Optical Pink,Tactile,,,,,Stainless Steel Spring,,,,
ZOE Moonlight,Linear,PC,PC,POM,PCB (5-pin),Stainless Steel Spring,,40g,,4.00 mm
Zorro Black,Linear,PC,Nylon,POM,Plate (3-pin),Stainless Steel Spring,,60g,,4.00 mm
Zorro Blue,Clicky,PC,Nylon,POM,Plate (3-pin),Stainless Steel Spring,,60g,,4.00 mm
Zorro Brown,Tactile,PC,Nylon,POM,Plate (3-pin),Stainless Steel Spring,55g,,1.80 mm,4.00 mm
Zorro Red,Linear,PC,Nylon,POM,Plate (3-pin),Stainless Steel Spring,45g,,1.80 mm,4.00 mm
Zorro Violet,Clicky,PC,Nylon,POM,Plate (3-pin),Stainless Steel Spring,,65g,,4.00 mm
Zuoce Studio Daibai - 55g,Tactile,PC,Nylon,POM,PCB (5-pin),18 mm Gold-Plated Spring,35g,55g,1.50 mm,3.80 mm
Zuoce Studio Daibai - 68g,Tactile,PC,Nylon,POM,PCB (5-pin),18 mm Gold-Plated Spring,50g,68g,1.50 mm,3.80 mm
Zuoce Studio Lavender,Linear,POM,POM,LY,PCB (5-pin),21 mm Two-Stage Spring,48g,53g,2.00 mm,3.40 mm
Zuoce Studio Lychee Cream,Tactile,POM,Nylon,POM,PCB (5-pin),22 mm Two-Stage Stainless Steel Spring,40g,50g,1.50 mm,3.20 mm
Zuoce Studio Rococo,Tactile,PC,PC,POM,PCB (5-pin),21 mm Gold-Plated Spring,37g,45g,2.00 mm,3.80 mm
Zuoce Studio Rococo R2,Tactile,PC,PC,POM,PCB (5-pin),21 mm Gold-Plated Spring,40g,48g,2.00 mm,3.80 mm
Zuoce Studio Water Green,Linear,PC,PC,POM,PCB (5-pin),20 mm Gold-Plated Extension Spring,38g,45g,2.00 mm,3.70 mm